"objects","ports","Emag","vtkValidPointMask","arc_length","Points:0","Points:1","Points:2"
16.697,0,0.28892,1,0,-0.10222,0.072009,0.16079
16.697,0,0.28892,1,6.8083e-05,-0.10229,0.072007,0.16079
16.697,0,0.28892,1,0.00013616,-0.10236,0.072004,0.16078
16.697,0,0.28892,1,0.00020424,-0.10243,0.072001,0.16078
39.482,0,0.36158,1,0.00027232,-0.1025,0.071999,0.16078
39.482,0,0.36158,1,0.00034041,-0.10256,0.071996,0.16078
39.482,0,0.36158,1,0.00040848,-0.10263,0.071994,0.16078
39.482,0,0.36158,1,0.00047657,-0.1027,0.071991,0.16078
39.482,0,0.36158,1,0.00054465,-0.10277,0.071989,0.16077
39.482,0,0.36158,1,0.00061272,-0.10284,0.071986,0.16077
39.482,0,0.36158,1,0.00068081,-0.1029,0.071984,0.16077
39.482,0,0.36158,1,0.00074889,-0.10297,0.071981,0.16077
39.482,0,0.36158,1,0.00081697,-0.10304,0.071979,0.16077
39.482,0,0.36158,1,0.00088505,-0.10311,0.071976,0.16077
39.482,0,0.36158,1,0.00095313,-0.10318,0.071973,0.16076
39.482,0,0.36158,1,0.0010212,-0.10324,0.071971,0.16076
39.482,0,0.36158,1,0.0010893,-0.10331,0.071968,0.16076
39.482,0,0.36158,1,0.0011574,-0.10338,0.071966,0.16076
39.482,0,0.36158,1,0.0012255,-0.10345,0.071963,0.16076
39.482,0,0.36158,1,0.0012935,-0.10352,0.071961,0.16076
39.482,0,0.36158,1,0.0013616,-0.10358,0.071958,0.16075
39.482,0,0.36158,1,0.0014297,-0.10365,0.071956,0.16075
39.482,0,0.36158,1,0.0014978,-0.10372,0.071953,0.16075
39.482,0,0.36158,1,0.0015659,-0.10379,0.071951,0.16075
39.482,0,0.36158,1,0.0016339,-0.10386,0.071948,0.16075
39.482,0,0.36158,1,0.001702,-0.10392,0.071946,0.16075
39.482,0,0.36158,1,0.0017701,-0.10399,0.071943,0.16075
16.697,0,0.38666,1,0.0018382,-0.10406,0.07194,0.16074
16.697,0,0.38666,1,0.0019063,-0.10413,0.071938,0.16074
16.697,0,0.38666,1,0.0019743,-0.1042,0.071935,0.16074
16.697,0,0.38666,1,0.0020424,-0.10426,0.071933,0.16074
16.697,0,0.38666,1,0.0021105,-0.10433,0.07193,0.16074
16.697,0,0.38666,1,0.0021786,-0.1044,0.071928,0.16074
16.697,0,0.38666,1,0.0022467,-0.10447,0.071925,0.16073
16.697,0,0.38666,1,0.0023147,-0.10454,0.071923,0.16073
16.697,0,0.38666,1,0.0023828,-0.1046,0.07192,0.16073
16.697,0,0.38666,1,0.0024509,-0.10467,0.071918,0.16073
16.697,0,0.38666,1,0.002519,-0.10474,0.071915,0.16073
16.697,0,0.38666,1,0.0025871,-0.10481,0.071912,0.16073
16.697,0,0.38666,1,0.0026552,-0.10488,0.07191,0.16072
16.697,0,0.38666,1,0.0027232,-0.10494,0.071907,0.16072
16.697,0,0.38666,1,0.0027913,-0.10501,0.071905,0.16072
16.697,0,0.38666,1,0.0028594,-0.10508,0.071902,0.16072
16.697,0,0.38666,1,0.0029275,-0.10515,0.0719,0.16072
16.697,0,0.38666,1,0.0029956,-0.10522,0.071897,0.16072
16.697,0,0.38666,1,0.0030636,-0.10529,0.071895,0.16071
16.697,0,0.38666,1,0.0031317,-0.10535,0.071892,0.16071
16.697,0,0.38666,1,0.0031998,-0.10542,0.07189,0.16071
16.697,0,0.38666,1,0.0032679,-0.10549,0.071887,0.16071
16.697,0,0.38666,1,0.003336,-0.10556,0.071885,0.16071
16.697,0,0.38666,1,0.003404,-0.10563,0.071882,0.16071
16.697,0,0.38666,1,0.0034721,-0.10569,0.071879,0.1607
16.697,0,0.38666,1,0.0035402,-0.10576,0.071877,0.1607
16.697,0,0.38666,1,0.0036083,-0.10583,0.071874,0.1607
16.697,0,0.38666,1,0.0036764,-0.1059,0.071872,0.1607
16.697,0,0.38666,1,0.0037444,-0.10597,0.071869,0.1607
16.697,0,0.1284,1,0.0038125,-0.10603,0.071867,0.1607
16.697,0,0.1284,1,0.0038806,-0.1061,0.071864,0.1607
16.697,0,0.1284,1,0.0039487,-0.10617,0.071862,0.16069
16.697,0,0.1284,1,0.0040168,-0.10624,0.071859,0.16069
16.697,0,0.1284,1,0.0040848,-0.10631,0.071857,0.16069
16.697,0,0.1284,1,0.0041529,-0.10637,0.071854,0.16069
16.697,0,0.1284,1,0.004221,-0.10644,0.071851,0.16069
16.697,0,0.1284,1,0.0042891,-0.10651,0.071849,0.16069
16.697,0,0.1284,1,0.0043572,-0.10658,0.071846,0.16068
16.697,0,0.1284,1,0.0044252,-0.10665,0.071844,0.16068
16.697,0,0.1284,1,0.0044933,-0.10671,0.071841,0.16068
16.697,0,0.1284,1,0.0045614,-0.10678,0.071839,0.16068
16.697,0,0.1284,1,0.0046295,-0.10685,0.071836,0.16068
16.697,0,0.1284,1,0.0046976,-0.10692,0.071834,0.16068
16.697,0,0.1284,1,0.0047656,-0.10699,0.071831,0.16067
16.697,0,0.1284,1,0.0048337,-0.10705,0.071829,0.16067
16.697,0,0.1284,1,0.0049018,-0.10712,0.071826,0.16067
16.697,0,0.1284,1,0.0049699,-0.10719,0.071824,0.16067
16.697,0,0.1284,1,0.005038,-0.10726,0.071821,0.16067
16.697,0,0.1284,1,0.0051061,-0.10733,0.071818,0.16067
16.697,0,0.1284,1,0.0051741,-0.10739,0.071816,0.16066
16.697,0,0.1284,1,0.0052422,-0.10746,0.071813,0.16066
16.697,0,0.1284,1,0.0053103,-0.10753,0.071811,0.16066
16.697,0,0.1284,1,0.0053784,-0.1076,0.071808,0.16066
16.697,0,0.1284,1,0.0054465,-0.10767,0.071806,0.16066
16.697,0,0.1284,1,0.0055145,-0.10773,0.071803,0.16066
16.697,0,0.1284,1,0.0055826,-0.1078,0.071801,0.16065
16.697,0,0.1284,1,0.0056507,-0.10787,0.071798,0.16065
16.697,0,0.1284,1,0.0057188,-0.10794,0.071796,0.16065
16.697,0,0.10301,1,0.0057869,-0.10801,0.071793,0.16065
16.697,0,0.10301,1,0.0058549,-0.10807,0.07179,0.16065
16.697,0,0.10301,1,0.005923,-0.10814,0.071788,0.16065
16.697,0,0.10301,1,0.0059911,-0.10821,0.071785,0.16065
16.697,0,0.10301,1,0.0060592,-0.10828,0.071783,0.16064
16.697,0,0.10301,1,0.0061273,-0.10835,0.07178,0.16064
16.697,0,0.10301,1,0.0061953,-0.10841,0.071778,0.16064
16.697,0,0.10301,1,0.0062634,-0.10848,0.071775,0.16064
16.697,0,0.10301,1,0.0063315,-0.10855,0.071773,0.16064
16.697,0,0.10301,1,0.0063996,-0.10862,0.07177,0.16064
16.697,0,0.10301,1,0.0064677,-0.10869,0.071768,0.16063
16.697,0,0.10301,1,0.0065357,-0.10875,0.071765,0.16063
16.697,0,0.10301,1,0.0066038,-0.10882,0.071763,0.16063
16.697,0,0.10301,1,0.0066719,-0.10889,0.07176,0.16063
16.697,0,0.10301,1,0.00674,-0.10896,0.071757,0.16063
16.697,0,0.10301,1,0.0068081,-0.10903,0.071755,0.16063
16.697,0,0.10301,1,0.0068761,-0.10909,0.071752,0.16062
16.697,0,0.10301,1,0.0069442,-0.10916,0.07175,0.16062
16.697,0,0.10301,1,0.0070123,-0.10923,0.071747,0.16062
16.697,0,0.10301,1,0.0070804,-0.1093,0.071745,0.16062
16.697,0,0.10301,1,0.0071485,-0.10937,0.071742,0.16062
16.697,0,0.10301,1,0.0072166,-0.10943,0.07174,0.16062
16.697,0,0.10301,1,0.0072846,-0.1095,0.071737,0.16061
16.697,0,0.10301,1,0.0073527,-0.10957,0.071735,0.16061
16.697,0,0.10301,1,0.0074208,-0.10964,0.071732,0.16061
16.697,0,0.10301,1,0.0074889,-0.10971,0.071729,0.16061
16.697,0,0.10301,1,0.007557,-0.10977,0.071727,0.16061
16.697,0,0.10301,1,0.007625,-0.10984,0.071724,0.16061
16.697,0,0.10301,1,0.0076931,-0.10991,0.071722,0.1606
16.697,0,0.10301,1,0.0077612,-0.10998,0.071719,0.1606
16.697,0,0.068911,1,0.0078293,-0.11005,0.071717,0.1606
16.697,0,0.068911,1,0.0078974,-0.11011,0.071714,0.1606
16.697,0,0.068911,1,0.0079654,-0.11018,0.071712,0.1606
16.697,0,0.068911,1,0.0080335,-0.11025,0.071709,0.1606
16.697,0,0.068911,1,0.0081016,-0.11032,0.071707,0.1606
16.697,0,0.068911,1,0.0081697,-0.11039,0.071704,0.16059
16.697,0,0.068911,1,0.0082378,-0.11045,0.071701,0.16059
16.697,0,0.068911,1,0.0083058,-0.11052,0.071699,0.16059
16.697,0,0.068911,1,0.0083739,-0.11059,0.071696,0.16059
16.697,0,0.068911,1,0.008442,-0.11066,0.071694,0.16059
16.697,0,0.068911,1,0.0085101,-0.11073,0.071691,0.16059
16.697,0,0.068911,1,0.0085782,-0.11079,0.071689,0.16058
16.697,0,0.068911,1,0.0086463,-0.11086,0.071686,0.16058
16.697,0,0.068911,1,0.0087143,-0.11093,0.071684,0.16058
16.697,0,0.068911,1,0.0087824,-0.111,0.071681,0.16058
16.697,0,0.068911,1,0.0088505,-0.11107,0.071679,0.16058
16.697,0,0.068911,1,0.0089186,-0.11113,0.071676,0.16058
16.697,0,0.068911,1,0.0089867,-0.1112,0.071674,0.16057
16.697,0,0.068911,1,0.0090547,-0.11127,0.071671,0.16057
16.697,0,0.068911,1,0.0091228,-0.11134,0.071668,0.16057
16.697,0,0.068911,1,0.0091909,-0.11141,0.071666,0.16057
16.697,0,0.068911,1,0.009259,-0.11147,0.071663,0.16057
16.697,0,0.068911,1,0.0093271,-0.11154,0.071661,0.16057
16.697,0,0.068911,1,0.0093951,-0.11161,0.071658,0.16056
16.697,0,0.068911,1,0.0094632,-0.11168,0.071656,0.16056
16.697,0,0.068911,1,0.0095313,-0.11175,0.071653,0.16056
16.697,0,0.068911,1,0.0095994,-0.11181,0.071651,0.16056
16.697,0,0.068911,1,0.0096675,-0.11188,0.071648,0.16056
16.697,0,0.068911,1,0.0097355,-0.11195,0.071646,0.16056
16.697,0,0.048187,1,0.0098036,-0.11202,0.071643,0.16055
16.697,0,0.048187,1,0.0098717,-0.11209,0.07164,0.16055
16.697,0,0.048187,1,0.0099398,-0.11215,0.071638,0.16055
16.697,0,0.048187,1,0.010008,-0.11222,0.071635,0.16055
16.697,0,0.048187,1,0.010076,-0.11229,0.071633,0.16055
16.697,0,0.048187,1,0.010144,-0.11236,0.07163,0.16055
16.697,0,0.048187,1,0.010212,-0.11243,0.071628,0.16055
16.697,0,0.048187,1,0.01028,-0.11249,0.071625,0.16054
16.697,0,0.048187,1,0.010348,-0.11256,0.071623,0.16054
16.697,0,0.048187,1,0.010416,-0.11263,0.07162,0.16054
16.697,0,0.048187,1,0.010484,-0.1127,0.071618,0.16054
16.697,0,0.048187,1,0.010553,-0.11277,0.071615,0.16054
16.697,0,0.048187,1,0.010621,-0.11283,0.071613,0.16054
16.697,0,0.048187,1,0.010689,-0.1129,0.07161,0.16053
16.697,0,0.048187,1,0.010757,-0.11297,0.071607,0.16053
16.697,0,0.048187,1,0.010825,-0.11304,0.071605,0.16053
16.697,0,0.048187,1,0.010893,-0.11311,0.071602,0.16053
16.697,0,0.048187,1,0.010961,-0.11317,0.0716,0.16053
16.697,0,0.048187,1,0.011029,-0.11324,0.071597,0.16053
16.697,0,0.048187,1,0.011097,-0.11331,0.071595,0.16052
16.697,0,0.048187,1,0.011165,-0.11338,0.071592,0.16052
16.697,0,0.048187,1,0.011233,-0.11345,0.07159,0.16052
16.697,0,0.048187,1,0.011301,-0.11351,0.071587,0.16052
16.697,0,0.048187,1,0.011369,-0.11358,0.071585,0.16052
16.697,0,0.048187,1,0.011438,-0.11365,0.071582,0.16052
16.697,0,0.048187,1,0.011506,-0.11372,0.071579,0.16051
16.697,0,0.048187,1,0.011574,-0.11379,0.071577,0.16051
16.697,0,0.048187,1,0.011642,-0.11385,0.071574,0.16051
16.697,0,0.048187,1,0.01171,-0.11392,0.071572,0.16051
16.697,0,0.048187,1,0.011778,-0.11399,0.071569,0.16051
16.697,0,0.058153,1,0.011846,-0.11406,0.071567,0.16051
16.697,0,0.058153,1,0.011914,-0.11413,0.071564,0.1605
16.697,0,0.058153,1,0.011982,-0.11419,0.071562,0.1605
16.697,0,0.058153,1,0.01205,-0.11426,0.071559,0.1605
16.697,0,0.058153,1,0.012118,-0.11433,0.071557,0.1605
16.697,0,0.058153,1,0.012186,-0.1144,0.071554,0.1605
16.697,0,0.058153,1,0.012255,-0.11447,0.071552,0.1605
16.697,0,0.058153,1,0.012323,-0.11453,0.071549,0.1605
16.697,0,0.058153,1,0.012391,-0.1146,0.071546,0.16049
16.697,0,0.058153,1,0.012459,-0.11467,0.071544,0.16049
16.697,0,0.058153,1,0.012527,-0.11474,0.071541,0.16049
16.697,0,0.058153,1,0.012595,-0.11481,0.071539,0.16049
16.697,0,0.058153,1,0.012663,-0.11488,0.071536,0.16049
16.697,0,0.058153,1,0.012731,-0.11494,0.071534,0.16049
16.697,0,0.058153,1,0.012799,-0.11501,0.071531,0.16048
16.697,0,0.058153,1,0.012867,-0.11508,0.071529,0.16048
16.697,0,0.058153,1,0.012935,-0.11515,0.071526,0.16048
16.697,0,0.058153,1,0.013003,-0.11522,0.071524,0.16048
16.697,0,0.058153,1,0.013071,-0.11528,0.071521,0.16048
16.697,0,0.058153,1,0.01314,-0.11535,0.071518,0.16048
16.697,0,0.058153,1,0.013208,-0.11542,0.071516,0.16047
16.697,0,0.058153,1,0.013276,-0.11549,0.071513,0.16047
16.697,0,0.058153,1,0.013344,-0.11556,0.071511,0.16047
16.697,0,0.058153,1,0.013412,-0.11562,0.071508,0.16047
16.697,0,0.058153,1,0.01348,-0.11569,0.071506,0.16047
16.697,0,0.058153,1,0.013548,-0.11576,0.071503,0.16047
16.697,0,0.058153,1,0.013616,-0.11583,0.071501,0.16046
16.697,0,0.058153,1,0.013684,-0.1159,0.071498,0.16046
16.697,0,0.058153,1,0.013752,-0.11596,0.071496,0.16046
16.697,0,0.062322,1,0.01382,-0.11603,0.071493,0.16046
16.697,0,0.062322,1,0.013888,-0.1161,0.071491,0.16046
16.697,0,0.062322,1,0.013957,-0.11617,0.071488,0.16046
16.697,0,0.062322,1,0.014025,-0.11624,0.071485,0.16046
16.697,0,0.062322,1,0.014093,-0.1163,0.071483,0.16045
16.697,0,0.062322,1,0.014161,-0.11637,0.07148,0.16045
16.697,0,0.062322,1,0.014229,-0.11644,0.071478,0.16045
16.697,0,0.062322,1,0.014297,-0.11651,0.071475,0.16045
16.697,0,0.062322,1,0.014365,-0.11658,0.071473,0.16045
16.697,0,0.062322,1,0.014433,-0.11664,0.07147,0.16045
16.697,0,0.062322,1,0.014501,-0.11671,0.071468,0.16044
16.697,0,0.062322,1,0.014569,-0.11678,0.071465,0.16044
16.697,0,0.062322,1,0.014637,-0.11685,0.071463,0.16044
16.697,0,0.062322,1,0.014705,-0.11692,0.07146,0.16044
16.697,0,0.062322,1,0.014774,-0.11698,0.071457,0.16044
16.697,0,0.062322,1,0.014842,-0.11705,0.071455,0.16044
16.697,0,0.062322,1,0.01491,-0.11712,0.071452,0.16043
16.697,0,0.062322,1,0.014978,-0.11719,0.07145,0.16043
16.697,0,0.062322,1,0.015046,-0.11726,0.071447,0.16043
16.697,0,0.062322,1,0.015114,-0.11732,0.071445,0.16043
16.697,0,0.062322,1,0.015182,-0.11739,0.071442,0.16043
16.697,0,0.062322,1,0.01525,-0.11746,0.07144,0.16043
16.697,0,0.062322,1,0.015318,-0.11753,0.071437,0.16042
16.697,0,0.062322,1,0.015386,-0.1176,0.071435,0.16042
16.697,0,0.062322,1,0.015454,-0.11766,0.071432,0.16042
16.697,0,0.062322,1,0.015522,-0.11773,0.07143,0.16042
16.697,0,0.062322,1,0.01559,-0.1178,0.071427,0.16042
16.697,0,0.062322,1,0.015659,-0.11787,0.071424,0.16042
16.697,0,0.062322,1,0.015727,-0.11794,0.071422,0.16041
16.697,0,0.061772,1,0.015795,-0.118,0.071419,0.16041
16.697,0,0.061772,1,0.015863,-0.11807,0.071417,0.16041
16.697,0,0.061772,1,0.015931,-0.11814,0.071414,0.16041
16.697,0,0.061772,1,0.015999,-0.11821,0.071412,0.16041
16.697,0,0.061772,1,0.016067,-0.11828,0.071409,0.16041
16.697,0,0.061772,1,0.016135,-0.11834,0.071407,0.16041
16.697,0,0.061772,1,0.016203,-0.11841,0.071404,0.1604
16.697,0,0.061772,1,0.016271,-0.11848,0.071402,0.1604
16.697,0,0.061772,1,0.016339,-0.11855,0.071399,0.1604
16.697,0,0.061772,1,0.016407,-0.11862,0.071396,0.1604
16.697,0,0.061772,1,0.016476,-0.11868,0.071394,0.1604
16.697,0,0.061772,1,0.016544,-0.11875,0.071391,0.1604
16.697,0,0.061772,1,0.016612,-0.11882,0.071389,0.16039
16.697,0,0.061772,1,0.01668,-0.11889,0.071386,0.16039
16.697,0,0.061772,1,0.016748,-0.11896,0.071384,0.16039
16.697,0,0.061772,1,0.016816,-0.11902,0.071381,0.16039
16.697,0,0.061772,1,0.016884,-0.11909,0.071379,0.16039
16.697,0,0.061772,1,0.016952,-0.11916,0.071376,0.16039
16.697,0,0.061772,1,0.01702,-0.11923,0.071374,0.16038
16.697,0,0.061772,1,0.017088,-0.1193,0.071371,0.16038
16.697,0,0.061772,1,0.017156,-0.11936,0.071369,0.16038
16.697,0,0.061772,1,0.017224,-0.11943,0.071366,0.16038
16.697,0,0.061772,1,0.017292,-0.1195,0.071363,0.16038
16.697,0,0.061772,1,0.017361,-0.11957,0.071361,0.16038
16.697,0,0.061772,1,0.017429,-0.11964,0.071358,0.16037
16.697,0,0.061772,1,0.017497,-0.1197,0.071356,0.16037
16.697,0,0.061772,1,0.017565,-0.11977,0.071353,0.16037
16.697,0,0.061772,1,0.017633,-0.11984,0.071351,0.16037
16.697,0,0.061772,1,0.017701,-0.11991,0.071348,0.16037
16.697,0,0.061772,1,0.017769,-0.11998,0.071346,0.16037
16.697,0,0.062755,1,0.017837,-0.12004,0.071343,0.16036
16.697,0,0.062755,1,0.017905,-0.12011,0.071341,0.16036
16.697,0,0.062755,1,0.017973,-0.12018,0.071338,0.16036
16.697,0,0.062755,1,0.018041,-0.12025,0.071335,0.16036
16.697,0,0.062755,1,0.018109,-0.12032,0.071333,0.16036
16.697,0,0.062755,1,0.018178,-0.12038,0.07133,0.16036
16.697,0,0.062755,1,0.018246,-0.12045,0.071328,0.16036
16.697,0,0.062755,1,0.018314,-0.12052,0.071325,0.16035
16.697,0,0.062755,1,0.018382,-0.12059,0.071323,0.16035
16.697,0,0.062755,1,0.01845,-0.12066,0.07132,0.16035
16.697,0,0.062755,1,0.018518,-0.12072,0.071318,0.16035
16.697,0,0.062755,1,0.018586,-0.12079,0.071315,0.16035
16.697,0,0.062755,1,0.018654,-0.12086,0.071313,0.16035
16.697,0,0.062755,1,0.018722,-0.12093,0.07131,0.16034
16.697,0,0.062755,1,0.01879,-0.121,0.071308,0.16034
16.697,0,0.062755,1,0.018858,-0.12106,0.071305,0.16034
16.697,0,0.062755,1,0.018926,-0.12113,0.071302,0.16034
16.697,0,0.062755,1,0.018995,-0.1212,0.0713,0.16034
16.697,0,0.062755,1,0.019063,-0.12127,0.071297,0.16034
16.697,0,0.062755,1,0.019131,-0.12134,0.071295,0.16033
16.697,0,0.062755,1,0.019199,-0.1214,0.071292,0.16033
16.697,0,0.062755,1,0.019267,-0.12147,0.07129,0.16033
16.697,0,0.062755,1,0.019335,-0.12154,0.071287,0.16033
16.697,0,0.062755,1,0.019403,-0.12161,0.071285,0.16033
16.697,0,0.062755,1,0.019471,-0.12168,0.071282,0.16033
16.697,0,0.062755,1,0.019539,-0.12174,0.07128,0.16032
16.697,0,0.062755,1,0.019607,-0.12181,0.071277,0.16032
16.697,0,0.062755,1,0.019675,-0.12188,0.071274,0.16032
16.697,0,0.062755,1,0.019743,-0.12195,0.071272,0.16032
16.697,0,0.06174,1,0.019811,-0.12202,0.071269,0.16032
16.697,0,0.06174,1,0.01988,-0.12208,0.071267,0.16032
16.697,0,0.06174,1,0.019948,-0.12215,0.071264,0.16031
16.697,0,0.06174,1,0.020016,-0.12222,0.071262,0.16031
16.697,0,0.06174,1,0.020084,-0.12229,0.071259,0.16031
16.697,0,0.06174,1,0.020152,-0.12236,0.071257,0.16031
16.697,0,0.06174,1,0.02022,-0.12242,0.071254,0.16031
16.697,0,0.06174,1,0.020288,-0.12249,0.071252,0.16031
16.697,0,0.06174,1,0.020356,-0.12256,0.071249,0.16031
16.697,0,0.06174,1,0.020424,-0.12263,0.071247,0.1603
16.697,0,0.06174,1,0.020492,-0.1227,0.071244,0.1603
16.697,0,0.06174,1,0.02056,-0.12276,0.071241,0.1603
16.697,0,0.06174,1,0.020628,-0.12283,0.071239,0.1603
16.697,0,0.06174,1,0.020697,-0.1229,0.071236,0.1603
16.697,0,0.06174,1,0.020765,-0.12297,0.071234,0.1603
16.697,0,0.06174,1,0.020833,-0.12304,0.071231,0.16029
16.697,0,0.06174,1,0.020901,-0.1231,0.071229,0.16029
16.697,0,0.06174,1,0.020969,-0.12317,0.071226,0.16029
16.697,0,0.06174,1,0.021037,-0.12324,0.071224,0.16029
16.697,0,0.06174,1,0.021105,-0.12331,0.071221,0.16029
16.697,0,0.06174,1,0.021173,-0.12338,0.071219,0.16029
16.697,0,0.06174,1,0.021241,-0.12344,0.071216,0.16028
16.697,0,0.06174,1,0.021309,-0.12351,0.071213,0.16028
16.697,0,0.06174,1,0.021377,-0.12358,0.071211,0.16028
16.697,0,0.06174,1,0.021445,-0.12365,0.071208,0.16028
16.697,0,0.06174,1,0.021514,-0.12372,0.071206,0.16028
16.697,0,0.06174,1,0.021582,-0.12378,0.071203,0.16028
16.697,0,0.06174,1,0.02165,-0.12385,0.071201,0.16027
16.697,0,0.06174,1,0.021718,-0.12392,0.071198,0.16027
16.697,0,0.06174,1,0.021786,-0.12399,0.071196,0.16027
16.697,0,0.058529,1,0.021854,-0.12406,0.071193,0.16027
16.697,0,0.058529,1,0.021922,-0.12412,0.071191,0.16027
16.697,0,0.058529,1,0.02199,-0.12419,0.071188,0.16027
16.697,0,0.058529,1,0.022058,-0.12426,0.071186,0.16026
16.697,0,0.058529,1,0.022126,-0.12433,0.071183,0.16026
16.697,0,0.058529,1,0.022194,-0.1244,0.07118,0.16026
16.697,0,0.058529,1,0.022262,-0.12447,0.071178,0.16026
16.697,0,0.058529,1,0.02233,-0.12453,0.071175,0.16026
16.697,0,0.058529,1,0.022399,-0.1246,0.071173,0.16026
16.697,0,0.058529,1,0.022467,-0.12467,0.07117,0.16026
16.697,0,0.058529,1,0.022535,-0.12474,0.071168,0.16025
16.697,0,0.058529,1,0.022603,-0.12481,0.071165,0.16025
16.697,0,0.058529,1,0.022671,-0.12487,0.071163,0.16025
16.697,0,0.058529,1,0.022739,-0.12494,0.07116,0.16025
16.697,0,0.058529,1,0.022807,-0.12501,0.071158,0.16025
16.697,0,0.058529,1,0.022875,-0.12508,0.071155,0.16025
16.697,0,0.058529,1,0.022943,-0.12515,0.071152,0.16024
16.697,0,0.058529,1,0.023011,-0.12521,0.07115,0.16024
16.697,0,0.058529,1,0.023079,-0.12528,0.071147,0.16024
16.697,0,0.058529,1,0.023147,-0.12535,0.071145,0.16024
16.697,0,0.058529,1,0.023216,-0.12542,0.071142,0.16024
16.697,0,0.058529,1,0.023284,-0.12549,0.07114,0.16024
16.697,0,0.058529,1,0.023352,-0.12555,0.071137,0.16023
16.697,0,0.058529,1,0.02342,-0.12562,0.071135,0.16023
16.697,0,0.058529,1,0.023488,-0.12569,0.071132,0.16023
16.697,0,0.058529,1,0.023556,-0.12576,0.07113,0.16023
16.697,0,0.058529,1,0.023624,-0.12583,0.071127,0.16023
16.697,0,0.058529,1,0.023692,-0.12589,0.071125,0.16023
16.697,0,0.058529,1,0.02376,-0.12596,0.071122,0.16022
16.697,0,0.054819,1,0.023828,-0.12603,0.071119,0.16022
16.697,0,0.054819,1,0.023896,-0.1261,0.071117,0.16022
16.697,0,0.054819,1,0.023964,-0.12617,0.071114,0.16022
16.697,0,0.054819,1,0.024032,-0.12623,0.071112,0.16022
16.697,0,0.054819,1,0.024101,-0.1263,0.071109,0.16022
16.697,0,0.054819,1,0.024169,-0.12637,0.071107,0.16022
16.697,0,0.054819,1,0.024237,-0.12644,0.071104,0.16021
16.697,0,0.054819,1,0.024305,-0.12651,0.071102,0.16021
16.697,0,0.054819,1,0.024373,-0.12657,0.071099,0.16021
16.697,0,0.054819,1,0.024441,-0.12664,0.071097,0.16021
16.697,0,0.054819,1,0.024509,-0.12671,0.071094,0.16021
16.697,0,0.054819,1,0.024577,-0.12678,0.071091,0.16021
16.697,0,0.054819,1,0.024645,-0.12685,0.071089,0.1602
16.697,0,0.054819,1,0.024713,-0.12691,0.071086,0.1602
16.697,0,0.054819,1,0.024781,-0.12698,0.071084,0.1602
16.697,0,0.054819,1,0.024849,-0.12705,0.071081,0.1602
16.697,0,0.054819,1,0.024918,-0.12712,0.071079,0.1602
16.697,0,0.054819,1,0.024986,-0.12719,0.071076,0.1602
16.697,0,0.054819,1,0.025054,-0.12725,0.071074,0.16019
16.697,0,0.054819,1,0.025122,-0.12732,0.071071,0.16019
16.697,0,0.054819,1,0.02519,-0.12739,0.071069,0.16019
16.697,0,0.054819,1,0.025258,-0.12746,0.071066,0.16019
16.697,0,0.054819,1,0.025326,-0.12753,0.071063,0.16019
16.697,0,0.054819,1,0.025394,-0.12759,0.071061,0.16019
16.697,0,0.054819,1,0.025462,-0.12766,0.071058,0.16018
16.697,0,0.054819,1,0.02553,-0.12773,0.071056,0.16018
16.697,0,0.054819,1,0.025598,-0.1278,0.071053,0.16018
16.697,0,0.054819,1,0.025666,-0.12787,0.071051,0.16018
16.697,0,0.054819,1,0.025735,-0.12793,0.071048,0.16018
16.697,0,0.050615,1,0.025803,-0.128,0.071046,0.16018
16.697,0,0.050615,1,0.025871,-0.12807,0.071043,0.16017
16.697,0,0.050615,1,0.025939,-0.12814,0.071041,0.16017
16.697,0,0.050615,1,0.026007,-0.12821,0.071038,0.16017
16.697,0,0.050615,1,0.026075,-0.12827,0.071036,0.16017
16.697,0,0.050615,1,0.026143,-0.12834,0.071033,0.16017
16.697,0,0.050615,1,0.026211,-0.12841,0.07103,0.16017
16.697,0,0.050615,1,0.026279,-0.12848,0.071028,0.16017
16.697,0,0.050615,1,0.026347,-0.12855,0.071025,0.16016
16.697,0,0.050615,1,0.026415,-0.12861,0.071023,0.16016
16.697,0,0.050615,1,0.026483,-0.12868,0.07102,0.16016
16.697,0,0.050615,1,0.026551,-0.12875,0.071018,0.16016
16.697,0,0.050615,1,0.02662,-0.12882,0.071015,0.16016
16.697,0,0.050615,1,0.026688,-0.12889,0.071013,0.16016
16.697,0,0.050615,1,0.026756,-0.12895,0.07101,0.16015
16.697,0,0.050615,1,0.026824,-0.12902,0.071008,0.16015
16.697,0,0.050615,1,0.026892,-0.12909,0.071005,0.16015
16.697,0,0.050615,1,0.02696,-0.12916,0.071002,0.16015
16.697,0,0.050615,1,0.027028,-0.12923,0.071,0.16015
16.697,0,0.050615,1,0.027096,-0.12929,0.070997,0.16015
16.697,0,0.050615,1,0.027164,-0.12936,0.070995,0.16014
16.697,0,0.050615,1,0.027232,-0.12943,0.070992,0.16014
16.697,0,0.050615,1,0.0273,-0.1295,0.07099,0.16014
16.697,0,0.050615,1,0.027368,-0.12957,0.070987,0.16014
16.697,0,0.050615,1,0.027437,-0.12963,0.070985,0.16014
16.697,0,0.050615,1,0.027505,-0.1297,0.070982,0.16014
16.697,0,0.050615,1,0.027573,-0.12977,0.07098,0.16013
16.697,0,0.050615,1,0.027641,-0.12984,0.070977,0.16013
16.697,0,0.050615,1,0.027709,-0.12991,0.070975,0.16013
16.697,0,0.050615,1,0.027777,-0.12997,0.070972,0.16013
16.697,0,0.045623,1,0.027845,-0.13004,0.070969,0.16013
16.697,0,0.045623,1,0.027913,-0.13011,0.070967,0.16013
16.697,0,0.045623,1,0.027981,-0.13018,0.070964,0.16012
16.697,0,0.045623,1,0.028049,-0.13025,0.070962,0.16012
16.697,0,0.045623,1,0.028117,-0.13031,0.070959,0.16012
16.697,0,0.045623,1,0.028185,-0.13038,0.070957,0.16012
16.697,0,0.045623,1,0.028253,-0.13045,0.070954,0.16012
16.697,0,0.045623,1,0.028322,-0.13052,0.070952,0.16012
16.697,0,0.045623,1,0.02839,-0.13059,0.070949,0.16012
16.697,0,0.045623,1,0.028458,-0.13065,0.070947,0.16011
16.697,0,0.045623,1,0.028526,-0.13072,0.070944,0.16011
16.697,0,0.045623,1,0.028594,-0.13079,0.070941,0.16011
16.697,0,0.045623,1,0.028662,-0.13086,0.070939,0.16011
16.697,0,0.045623,1,0.02873,-0.13093,0.070936,0.16011
16.697,0,0.045623,1,0.028798,-0.13099,0.070934,0.16011
16.697,0,0.045623,1,0.028866,-0.13106,0.070931,0.1601
16.697,0,0.045623,1,0.028934,-0.13113,0.070929,0.1601
16.697,0,0.045623,1,0.029002,-0.1312,0.070926,0.1601
16.697,0,0.045623,1,0.02907,-0.13127,0.070924,0.1601
16.697,0,0.045623,1,0.029139,-0.13133,0.070921,0.1601
16.697,0,0.045623,1,0.029207,-0.1314,0.070919,0.1601
16.697,0,0.045623,1,0.029275,-0.13147,0.070916,0.16009
16.697,0,0.045623,1,0.029343,-0.13154,0.070914,0.16009
16.697,0,0.045623,1,0.029411,-0.13161,0.070911,0.16009
16.697,0,0.045623,1,0.029479,-0.13167,0.070908,0.16009
16.697,0,0.045623,1,0.029547,-0.13174,0.070906,0.16009
16.697,0,0.045623,1,0.029615,-0.13181,0.070903,0.16009
16.697,0,0.045623,1,0.029683,-0.13188,0.070901,0.16008
16.697,0,0.045623,1,0.029751,-0.13195,0.070898,0.16008
16.697,0,0.040196,1,0.029819,-0.13201,0.070896,0.16008
16.697,0,0.040196,1,0.029887,-0.13208,0.070893,0.16008
16.697,0,0.040196,1,0.029956,-0.13215,0.070891,0.16008
16.697,0,0.040196,1,0.030024,-0.13222,0.070888,0.16008
16.697,0,0.040196,1,0.030092,-0.13229,0.070886,0.16007
16.697,0,0.040196,1,0.03016,-0.13235,0.070883,0.16007
16.697,0,0.040196,1,0.030228,-0.13242,0.07088,0.16007
16.697,0,0.040196,1,0.030296,-0.13249,0.070878,0.16007
16.697,0,0.040196,1,0.030364,-0.13256,0.070875,0.16007
16.697,0,0.040196,1,0.030432,-0.13263,0.070873,0.16007
16.697,0,0.040196,1,0.0305,-0.13269,0.07087,0.16007
16.697,0,0.040196,1,0.030568,-0.13276,0.070868,0.16006
16.697,0,0.040196,1,0.030636,-0.13283,0.070865,0.16006
16.697,0,0.040196,1,0.030704,-0.1329,0.070863,0.16006
16.697,0,0.040196,1,0.030772,-0.13297,0.07086,0.16006
16.697,0,0.040196,1,0.030841,-0.13303,0.070858,0.16006
16.697,0,0.040196,1,0.030909,-0.1331,0.070855,0.16006
16.697,0,0.040196,1,0.030977,-0.13317,0.070853,0.16005
16.697,0,0.040196,1,0.031045,-0.13324,0.07085,0.16005
16.697,0,0.040196,1,0.031113,-0.13331,0.070847,0.16005
16.697,0,0.040196,1,0.031181,-0.13337,0.070845,0.16005
16.697,0,0.040196,1,0.031249,-0.13344,0.070842,0.16005
16.697,0,0.040196,1,0.031317,-0.13351,0.07084,0.16005
16.697,0,0.040196,1,0.031385,-0.13358,0.070837,0.16004
16.697,0,0.040196,1,0.031453,-0.13365,0.070835,0.16004
16.697,0,0.040196,1,0.031521,-0.13371,0.070832,0.16004
16.697,0,0.040196,1,0.031589,-0.13378,0.07083,0.16004
16.697,0,0.040196,1,0.031658,-0.13385,0.070827,0.16004
16.697,0,0.040196,1,0.031726,-0.13392,0.070825,0.16004
16.697,0,0.040196,1,0.031794,-0.13399,0.070822,0.16003
16.697,0,0.034745,1,0.031862,-0.13406,0.070819,0.16003
16.697,0,0.034745,1,0.03193,-0.13412,0.070817,0.16003
16.697,0,0.034745,1,0.031998,-0.13419,0.070814,0.16003
16.697,0,0.034745,1,0.032066,-0.13426,0.070812,0.16003
16.697,0,0.034745,1,0.032134,-0.13433,0.070809,0.16003
16.697,0,0.034745,1,0.032202,-0.1344,0.070807,0.16002
16.697,0,0.034745,1,0.03227,-0.13446,0.070804,0.16002
16.697,0,0.034745,1,0.032338,-0.13453,0.070802,0.16002
16.697,0,0.034745,1,0.032406,-0.1346,0.070799,0.16002
16.697,0,0.034745,1,0.032474,-0.13467,0.070797,0.16002
16.697,0,0.034745,1,0.032543,-0.13474,0.070794,0.16002
16.697,0,0.034745,1,0.032611,-0.1348,0.070792,0.16002
16.697,0,0.034745,1,0.032679,-0.13487,0.070789,0.16001
16.697,0,0.034745,1,0.032747,-0.13494,0.070786,0.16001
16.697,0,0.034745,1,0.032815,-0.13501,0.070784,0.16001
16.697,0,0.034745,1,0.032883,-0.13508,0.070781,0.16001
16.697,0,0.034745,1,0.032951,-0.13514,0.070779,0.16001
16.697,0,0.034745,1,0.033019,-0.13521,0.070776,0.16001
16.697,0,0.034745,1,0.033087,-0.13528,0.070774,0.16
16.697,0,0.034745,1,0.033155,-0.13535,0.070771,0.16
16.697,0,0.034745,1,0.033223,-0.13542,0.070769,0.16
16.697,0,0.034323,1,0.033291,-0.13548,0.070766,0.16
16.697,0,0.034323,1,0.03336,-0.13555,0.070764,0.16
16.697,0,0.034323,1,0.033428,-0.13562,0.070761,0.16
16.697,0,0.034323,1,0.033496,-0.13569,0.070758,0.15999
16.697,0,0.034323,1,0.033564,-0.13576,0.070756,0.15999
16.697,0,0.034323,1,0.033632,-0.13582,0.070753,0.15999
16.697,0,0.034323,1,0.0337,-0.13589,0.070751,0.15999
16.697,0,0.034323,1,0.033768,-0.13596,0.070748,0.15999
16.697,0,0.029081,1,0.033836,-0.13603,0.070746,0.15999
16.697,0,0.029081,1,0.033904,-0.1361,0.070743,0.15998
16.697,0,0.029081,1,0.033972,-0.13616,0.070741,0.15998
16.697,0,0.029081,1,0.03404,-0.13623,0.070738,0.15998
16.697,0,0.029081,1,0.034108,-0.1363,0.070736,0.15998
16.697,0,0.029081,1,0.034177,-0.13637,0.070733,0.15998
16.697,0,0.029081,1,0.034245,-0.13644,0.070731,0.15998
16.697,0,0.029081,1,0.034313,-0.1365,0.070728,0.15998
16.697,0,0.029081,1,0.034381,-0.13657,0.070725,0.15997
16.697,0,0.029081,1,0.034449,-0.13664,0.070723,0.15997
16.697,0,0.029081,1,0.034517,-0.13671,0.07072,0.15997
16.697,0,0.029081,1,0.034585,-0.13678,0.070718,0.15997
16.697,0,0.029081,1,0.034653,-0.13684,0.070715,0.15997
16.697,0,0.029081,1,0.034721,-0.13691,0.070713,0.15997
16.697,0,0.029081,1,0.034789,-0.13698,0.07071,0.15996
16.697,0,0.029081,1,0.034857,-0.13705,0.070708,0.15996
16.697,0,0.029081,1,0.034925,-0.13712,0.070705,0.15996
16.697,0,0.029081,1,0.034993,-0.13718,0.070703,0.15996
16.697,0,0.029081,1,0.035062,-0.13725,0.0707,0.15996
16.697,0,0.029081,1,0.03513,-0.13732,0.070697,0.15996
16.697,0,0.029081,1,0.035198,-0.13739,0.070695,0.15995
16.697,0,0.029081,1,0.035266,-0.13746,0.070692,0.15995
16.697,0,0.029081,1,0.035334,-0.13752,0.07069,0.15995
16.697,0,0.029081,1,0.035402,-0.13759,0.070687,0.15995
16.697,0,0.029081,1,0.03547,-0.13766,0.070685,0.15995
16.697,0,0.029081,1,0.035538,-0.13773,0.070682,0.15995
16.697,0,0.029081,1,0.035606,-0.1378,0.07068,0.15994
16.697,0,0.029081,1,0.035674,-0.13786,0.070677,0.15994
16.697,0,0.029081,1,0.035742,-0.13793,0.070675,0.15994
16.697,0,0.029081,1,0.03581,-0.138,0.070672,0.15994
16.697,0,0.024159,1,0.035879,-0.13807,0.07067,0.15994
16.697,0,0.024159,1,0.035947,-0.13814,0.070667,0.15994
16.697,0,0.024159,1,0.036015,-0.1382,0.070664,0.15993
16.697,0,0.024159,1,0.036083,-0.13827,0.070662,0.15993
16.697,0,0.024159,1,0.036151,-0.13834,0.070659,0.15993
16.697,0,0.024159,1,0.036219,-0.13841,0.070657,0.15993
16.697,0,0.024159,1,0.036287,-0.13848,0.070654,0.15993
16.697,0,0.024159,1,0.036355,-0.13854,0.070652,0.15993
16.697,0,0.024159,1,0.036423,-0.13861,0.070649,0.15993
16.697,0,0.024159,1,0.036491,-0.13868,0.070647,0.15992
16.697,0,0.024159,1,0.036559,-0.13875,0.070644,0.15992
16.697,0,0.024159,1,0.036627,-0.13882,0.070642,0.15992
16.697,0,0.024159,1,0.036696,-0.13888,0.070639,0.15992
16.697,0,0.024159,1,0.036764,-0.13895,0.070636,0.15992
16.697,0,0.024159,1,0.036832,-0.13902,0.070634,0.15992
16.697,0,0.024159,1,0.0369,-0.13909,0.070631,0.15991
16.697,0,0.024159,1,0.036968,-0.13916,0.070629,0.15991
16.697,0,0.024159,1,0.037036,-0.13922,0.070626,0.15991
16.697,0,0.024159,1,0.037104,-0.13929,0.070624,0.15991
16.697,0,0.024159,1,0.037172,-0.13936,0.070621,0.15991
16.697,0,0.024159,1,0.03724,-0.13943,0.070619,0.15991
16.697,0,0.024159,1,0.037308,-0.1395,0.070616,0.1599
16.697,0,0.024159,1,0.037376,-0.13956,0.070614,0.1599
16.697,0,0.024159,1,0.037444,-0.13963,0.070611,0.1599
16.697,0,0.024159,1,0.037512,-0.1397,0.070609,0.1599
16.697,0,0.024159,1,0.037581,-0.13977,0.070606,0.1599
16.697,0,0.024159,1,0.037649,-0.13984,0.070603,0.1599
16.697,0,0.024159,1,0.037717,-0.1399,0.070601,0.15989
16.697,0,0.024159,1,0.037785,-0.13997,0.070598,0.15989
16.697,0,0.019679,1,0.037853,-0.14004,0.070596,0.15989
16.697,0,0.019679,1,0.037921,-0.14011,0.070593,0.15989
16.697,0,0.019679,1,0.037989,-0.14018,0.070591,0.15989
16.697,0,0.019679,1,0.038057,-0.14024,0.070588,0.15989
16.697,0,0.019679,1,0.038125,-0.14031,0.070586,0.15988
16.697,0,0.019679,1,0.038193,-0.14038,0.070583,0.15988
16.697,0,0.019679,1,0.038261,-0.14045,0.070581,0.15988
16.697,0,0.019679,1,0.038329,-0.14052,0.070578,0.15988
16.697,0,0.019679,1,0.038398,-0.14058,0.070575,0.15988
16.697,0,0.019679,1,0.038466,-0.14065,0.070573,0.15988
16.697,0,0.019679,1,0.038534,-0.14072,0.07057,0.15988
16.697,0,0.019679,1,0.038602,-0.14079,0.070568,0.15987
16.697,0,0.019679,1,0.03867,-0.14086,0.070565,0.15987
16.697,0,0.019679,1,0.038738,-0.14092,0.070563,0.15987
16.697,0,0.019679,1,0.038806,-0.14099,0.07056,0.15987
16.697,0,0.019679,1,0.038874,-0.14106,0.070558,0.15987
16.697,0,0.019679,1,0.038942,-0.14113,0.070555,0.15987
16.697,0,0.019679,1,0.03901,-0.1412,0.070553,0.15986
16.697,0,0.019679,1,0.039078,-0.14126,0.07055,0.15986
16.697,0,0.019679,1,0.039146,-0.14133,0.070547,0.15986
16.697,0,0.019679,1,0.039214,-0.1414,0.070545,0.15986
16.697,0,0.019679,1,0.039283,-0.14147,0.070542,0.15986
16.697,0,0.019679,1,0.039351,-0.14154,0.07054,0.15986
16.697,0,0.019679,1,0.039419,-0.1416,0.070537,0.15985
16.697,0,0.019679,1,0.039487,-0.14167,0.070535,0.15985
16.697,0,0.019679,1,0.039555,-0.14174,0.070532,0.15985
16.697,0,0.019679,1,0.039623,-0.14181,0.07053,0.15985
16.697,0,0.019679,1,0.039691,-0.14188,0.070527,0.15985
16.697,0,0.019679,1,0.039759,-0.14194,0.070525,0.15985
16.697,0,0.015718,1,0.039827,-0.14201,0.070522,0.15984
16.697,0,0.015718,1,0.039895,-0.14208,0.07052,0.15984
16.697,0,0.015718,1,0.039963,-0.14215,0.070517,0.15984
16.697,0,0.015718,1,0.040031,-0.14222,0.070514,0.15984
16.697,0,0.015718,1,0.0401,-0.14228,0.070512,0.15984
16.697,0,0.015718,1,0.040168,-0.14235,0.070509,0.15984
16.697,0,0.015718,1,0.040236,-0.14242,0.070507,0.15983
16.697,0,0.015718,1,0.040304,-0.14249,0.070504,0.15983
16.697,0,0.015718,1,0.040372,-0.14256,0.070502,0.15983
16.697,0,0.015718,1,0.04044,-0.14262,0.070499,0.15983
16.697,0,0.015718,1,0.040508,-0.14269,0.070497,0.15983
16.697,0,0.015718,1,0.040576,-0.14276,0.070494,0.15983
16.697,0,0.015718,1,0.040644,-0.14283,0.070492,0.15983
16.697,0,0.015718,1,0.040712,-0.1429,0.070489,0.15982
16.697,0,0.015718,1,0.04078,-0.14296,0.070486,0.15982
16.697,0,0.015718,1,0.040848,-0.14303,0.070484,0.15982
16.697,0,0.015718,1,0.040916,-0.1431,0.070481,0.15982
16.697,0,0.015718,1,0.040985,-0.14317,0.070479,0.15982
16.697,0,0.015718,1,0.041053,-0.14324,0.070476,0.15982
16.697,0,0.015718,1,0.041121,-0.1433,0.070474,0.15981
16.697,0,0.015718,1,0.041189,-0.14337,0.070471,0.15981
16.697,0,0.015718,1,0.041257,-0.14344,0.070469,0.15981
16.697,0,0.015718,1,0.041325,-0.14351,0.070466,0.15981
16.697,0,0.015718,1,0.041393,-0.14358,0.070464,0.15981
16.697,0,0.015718,1,0.041461,-0.14365,0.070461,0.15981
16.697,0,0.015718,1,0.041529,-0.14371,0.070459,0.1598
16.697,0,0.015718,1,0.041597,-0.14378,0.070456,0.1598
16.697,0,0.015718,1,0.041665,-0.14385,0.070453,0.1598
16.697,0,0.015718,1,0.041733,-0.14392,0.070451,0.1598
16.697,0,0.015718,1,0.041802,-0.14399,0.070448,0.1598
16.697,0,0.012305,1,0.04187,-0.14405,0.070446,0.1598
16.697,0,0.012305,1,0.041938,-0.14412,0.070443,0.15979
16.697,0,0.012305,1,0.042006,-0.14419,0.070441,0.15979
16.697,0,0.012305,1,0.042074,-0.14426,0.070438,0.15979
16.697,0,0.012305,1,0.042142,-0.14433,0.070436,0.15979
16.697,0,0.012305,1,0.04221,-0.14439,0.070433,0.15979
16.697,0,0.012305,1,0.042278,-0.14446,0.070431,0.15979
16.697,0,0.012305,1,0.042346,-0.14453,0.070428,0.15978
16.697,0,0.012305,1,0.042414,-0.1446,0.070425,0.15978
16.697,0,0.012305,1,0.042482,-0.14467,0.070423,0.15978
16.697,0,0.012305,1,0.04255,-0.14473,0.07042,0.15978
16.697,0,0.012305,1,0.042619,-0.1448,0.070418,0.15978
16.697,0,0.012305,1,0.042687,-0.14487,0.070415,0.15978
16.697,0,0.012305,1,0.042755,-0.14494,0.070413,0.15978
16.697,0,0.012305,1,0.042823,-0.14501,0.07041,0.15977
16.697,0,0.012305,1,0.042891,-0.14507,0.070408,0.15977
16.697,0,0.012305,1,0.042959,-0.14514,0.070405,0.15977
16.697,0,0.012305,1,0.043027,-0.14521,0.070403,0.15977
16.697,0,0.012305,1,0.043095,-0.14528,0.0704,0.15977
16.697,0,0.012305,1,0.043163,-0.14535,0.070398,0.15977
16.697,0,0.012305,1,0.043231,-0.14541,0.070395,0.15976
16.697,0,0.012305,1,0.043299,-0.14548,0.070392,0.15976
16.697,0,0.012305,1,0.043367,-0.14555,0.07039,0.15976
16.697,0,0.012305,1,0.043435,-0.14562,0.070387,0.15976
16.697,0,0.012305,1,0.043504,-0.14569,0.070385,0.15976
16.697,0,0.012305,1,0.043572,-0.14575,0.070382,0.15976
16.697,0,0.012305,1,0.04364,-0.14582,0.07038,0.15975
16.697,0,0.012305,1,0.043708,-0.14589,0.070377,0.15975
16.697,0,0.012305,1,0.043776,-0.14596,0.070375,0.15975
16.697,0,0.0094368,1,0.043844,-0.14603,0.070372,0.15975
16.697,0,0.0094368,1,0.043912,-0.14609,0.07037,0.15975
16.697,0,0.0094368,1,0.04398,-0.14616,0.070367,0.15975
16.697,0,0.0094368,1,0.044048,-0.14623,0.070364,0.15974
16.697,0,0.0094368,1,0.044116,-0.1463,0.070362,0.15974
16.697,0,0.0094368,1,0.044184,-0.14637,0.070359,0.15974
16.697,0,0.0094368,1,0.044252,-0.14643,0.070357,0.15974
16.697,0,0.0094368,1,0.044321,-0.1465,0.070354,0.15974
16.697,0,0.0094368,1,0.044389,-0.14657,0.070352,0.15974
16.697,0,0.0094368,1,0.044457,-0.14664,0.070349,0.15973
16.697,0,0.0094368,1,0.044525,-0.14671,0.070347,0.15973
16.697,0,0.0094368,1,0.044593,-0.14677,0.070344,0.15973
16.697,0,0.0094368,1,0.044661,-0.14684,0.070342,0.15973
16.697,0,0.0094368,1,0.044729,-0.14691,0.070339,0.15973
16.697,0,0.0094368,1,0.044797,-0.14698,0.070337,0.15973
16.697,0,0.0094368,1,0.044865,-0.14705,0.070334,0.15973
16.697,0,0.0094368,1,0.044933,-0.14711,0.070331,0.15972
16.697,0,0.0094368,1,0.045001,-0.14718,0.070329,0.15972
16.697,0,0.0094368,1,0.045069,-0.14725,0.070326,0.15972
16.697,0,0.0094368,1,0.045137,-0.14732,0.070324,0.15972
16.697,0,0.0094368,1,0.045206,-0.14739,0.070321,0.15972
16.697,0,0.0094368,1,0.045274,-0.14745,0.070319,0.15972
16.697,0,0.0094368,1,0.045342,-0.14752,0.070316,0.15971
16.697,0,0.0094368,1,0.04541,-0.14759,0.070314,0.15971
16.697,0,0.0094368,1,0.045478,-0.14766,0.070311,0.15971
16.697,0,0.0094368,1,0.045546,-0.14773,0.070309,0.15971
16.697,0,0.0094368,1,0.045614,-0.14779,0.070306,0.15971
16.697,0,0.0094368,1,0.045682,-0.14786,0.070303,0.15971
16.697,0,0.0094368,1,0.04575,-0.14793,0.070301,0.1597
16.697,0,0.0094368,1,0.045818,-0.148,0.070298,0.1597
16.697,0,0.0070849,1,0.045886,-0.14807,0.070296,0.1597
16.697,0,0.0070849,1,0.045954,-0.14813,0.070293,0.1597
16.697,0,0.0070849,1,0.046023,-0.1482,0.070291,0.1597
16.697,0,0.0070849,1,0.046091,-0.14827,0.070288,0.1597
16.697,0,0.0070849,1,0.046159,-0.14834,0.070286,0.15969
16.697,0,0.0070849,1,0.046227,-0.14841,0.070283,0.15969
16.697,0,0.0070849,1,0.046295,-0.14847,0.070281,0.15969
16.697,0,0.0070849,1,0.046363,-0.14854,0.070278,0.15969
16.697,0,0.0070849,1,0.046431,-0.14861,0.070276,0.15969
16.697,0,0.0070849,1,0.046499,-0.14868,0.070273,0.15969
16.697,0,0.0070849,1,0.046567,-0.14875,0.07027,0.15969
16.697,0,0.0070849,1,0.046635,-0.14881,0.070268,0.15968
16.697,0,0.0070849,1,0.046703,-0.14888,0.070265,0.15968
16.697,0,0.0070849,1,0.046771,-0.14895,0.070263,0.15968
16.697,0,0.0070849,1,0.04684,-0.14902,0.07026,0.15968
16.697,0,0.0070849,1,0.046908,-0.14909,0.070258,0.15968
16.697,0,0.0070849,1,0.046976,-0.14915,0.070255,0.15968
16.697,0,0.0070849,1,0.047044,-0.14922,0.070253,0.15967
16.697,0,0.0070849,1,0.047112,-0.14929,0.07025,0.15967
16.697,0,0.0070849,1,0.04718,-0.14936,0.070248,0.15967
16.697,0,0.0070849,1,0.047248,-0.14943,0.070245,0.15967
16.697,0,0.0070849,1,0.047316,-0.14949,0.070242,0.15967
16.697,0,0.0070849,1,0.047384,-0.14956,0.07024,0.15967
16.697,0,0.0070849,1,0.047452,-0.14963,0.070237,0.15966
16.697,0,0.0070849,1,0.04752,-0.1497,0.070235,0.15966
16.697,0,0.0070849,1,0.047588,-0.14977,0.070232,0.15966
16.697,0,0.0070849,1,0.047656,-0.14983,0.07023,0.15966
16.697,0,0.0070849,1,0.047725,-0.1499,0.070227,0.15966
16.697,0,0.0070849,1,0.047793,-0.14997,0.070225,0.15966
16.697,0,0.0052034,1,0.047861,-0.15004,0.070222,0.15965
16.697,0,0.0052034,1,0.047929,-0.15011,0.07022,0.15965
16.697,0,0.0052034,1,0.047997,-0.15017,0.070217,0.15965
16.697,0,0.0052034,1,0.048065,-0.15024,0.070215,0.15965
16.697,0,0.0052034,1,0.048133,-0.15031,0.070212,0.15965
16.697,0,0.0052034,1,0.048201,-0.15038,0.070209,0.15965
16.697,0,0.0052034,1,0.048269,-0.15045,0.070207,0.15964
16.697,0,0.0052034,1,0.048337,-0.15051,0.070204,0.15964
16.697,0,0.0052034,1,0.048405,-0.15058,0.070202,0.15964
16.697,0,0.0052034,1,0.048473,-0.15065,0.070199,0.15964
16.697,0,0.0052034,1,0.048542,-0.15072,0.070197,0.15964
16.697,0,0.0052034,1,0.04861,-0.15079,0.070194,0.15964
16.697,0,0.0052034,1,0.048678,-0.15085,0.070192,0.15964
16.697,0,0.0052034,1,0.048746,-0.15092,0.070189,0.15963
16.697,0,0.0052034,1,0.048814,-0.15099,0.070187,0.15963
16.697,0,0.0052034,1,0.048882,-0.15106,0.070184,0.15963
16.697,0,0.0052034,1,0.04895,-0.15113,0.070181,0.15963
16.697,0,0.0052034,1,0.049018,-0.15119,0.070179,0.15963
16.697,0,0.0052034,1,0.049086,-0.15126,0.070176,0.15963
16.697,0,0.0052034,1,0.049154,-0.15133,0.070174,0.15962
16.697,0,0.0052034,1,0.049222,-0.1514,0.070171,0.15962
16.697,0,0.0052034,1,0.04929,-0.15147,0.070169,0.15962
16.697,0,0.0052034,1,0.049359,-0.15153,0.070166,0.15962
16.697,0,0.0052034,1,0.049427,-0.1516,0.070164,0.15962
16.697,0,0.0052034,1,0.049495,-0.15167,0.070161,0.15962
16.697,0,0.0052034,1,0.049563,-0.15174,0.070159,0.15961
16.697,0,0.0052034,1,0.049631,-0.15181,0.070156,0.15961
16.697,0,0.0052034,1,0.049699,-0.15187,0.070154,0.15961
16.697,0,0.0052034,1,0.049767,-0.15194,0.070151,0.15961
16.697,0,0.0037347,1,0.049835,-0.15201,0.070148,0.15961
16.697,0,0.0037347,1,0.049903,-0.15208,0.070146,0.15961
16.697,0,0.0037347,1,0.049971,-0.15215,0.070143,0.1596
16.697,0,0.0037347,1,0.050039,-0.15221,0.070141,0.1596
16.697,0,0.0037347,1,0.050107,-0.15228,0.070138,0.1596
16.697,0,0.0037347,1,0.050175,-0.15235,0.070136,0.1596
16.697,0,0.0037347,1,0.050244,-0.15242,0.070133,0.1596
16.697,0,0.0037347,1,0.050312,-0.15249,0.070131,0.1596
16.697,0,0.0037347,1,0.05038,-0.15255,0.070128,0.15959
16.697,0,0.0037347,1,0.050448,-0.15262,0.070126,0.15959
16.697,0,0.0037347,1,0.050516,-0.15269,0.070123,0.15959
16.697,0,0.0037347,1,0.050584,-0.15276,0.07012,0.15959
16.697,0,0.0037347,1,0.050652,-0.15283,0.070118,0.15959
16.697,0,0.0037347,1,0.05072,-0.15289,0.070115,0.15959
16.697,0,0.0037347,1,0.050788,-0.15296,0.070113,0.15959
16.697,0,0.0037347,1,0.050856,-0.15303,0.07011,0.15958
16.697,0,0.0037347,1,0.050924,-0.1531,0.070108,0.15958
16.697,0,0.0037347,1,0.050992,-0.15317,0.070105,0.15958
16.697,0,0.0037347,1,0.051061,-0.15324,0.070103,0.15958
16.697,0,0.0037347,1,0.051129,-0.1533,0.0701,0.15958
16.697,0,0.0037347,1,0.051197,-0.15337,0.070098,0.15958
16.697,0,0.0037347,1,0.051265,-0.15344,0.070095,0.15957
16.697,0,0.0037347,1,0.051333,-0.15351,0.070093,0.15957
16.697,0,0.0037347,1,0.051401,-0.15358,0.07009,0.15957
16.697,0,0.0037347,1,0.051469,-0.15364,0.070087,0.15957
16.697,0,0.0037347,1,0.051537,-0.15371,0.070085,0.15957
16.697,0,0.0037347,1,0.051605,-0.15378,0.070082,0.15957
16.697,0,0.0037347,1,0.051673,-0.15385,0.07008,0.15956
16.697,0,0.0037347,1,0.051741,-0.15392,0.070077,0.15956
16.697,0,0.0037347,1,0.051809,-0.15398,0.070075,0.15956
16.697,0,0.0026165,1,0.051877,-0.15405,0.070072,0.15956
16.697,0,0.0026165,1,0.051946,-0.15412,0.07007,0.15956
16.697,0,0.0026165,1,0.052014,-0.15419,0.070067,0.15956
16.697,0,0.0026165,1,0.052082,-0.15426,0.070065,0.15955
16.697,0,0.0026165,1,0.05215,-0.15432,0.070062,0.15955
16.697,0,0.0026165,1,0.052218,-0.15439,0.070059,0.15955
16.697,0,0.0026165,1,0.052286,-0.15446,0.070057,0.15955
16.697,0,0.0026165,1,0.052354,-0.15453,0.070054,0.15955
16.697,0,0.0026165,1,0.052422,-0.1546,0.070052,0.15955
16.697,0,0.0026165,1,0.05249,-0.15466,0.070049,0.15954
16.697,0,0.0026165,1,0.052558,-0.15473,0.070047,0.15954
16.697,0,0.0026165,1,0.052626,-0.1548,0.070044,0.15954
16.697,0,0.0026165,1,0.052694,-0.15487,0.070042,0.15954
16.697,0,0.0026165,1,0.052763,-0.15494,0.070039,0.15954
16.697,0,0.0026165,1,0.052831,-0.155,0.070037,0.15954
16.697,0,0.0026165,1,0.052899,-0.15507,0.070034,0.15954
16.697,0,0.0026165,1,0.052967,-0.15514,0.070032,0.15953
16.697,0,0.0026165,1,0.053035,-0.15521,0.070029,0.15953
16.697,0,0.0026165,1,0.053103,-0.15528,0.070026,0.15953
16.697,0,0.0026165,1,0.053171,-0.15534,0.070024,0.15953
16.697,0,0.0026165,1,0.053239,-0.15541,0.070021,0.15953
16.697,0,0.0026165,1,0.053307,-0.15548,0.070019,0.15953
16.697,0,0.0026165,1,0.053375,-0.15555,0.070016,0.15952
16.697,0,0.0026165,1,0.053443,-0.15562,0.070014,0.15952
16.697,0,0.0026165,1,0.053511,-0.15568,0.070011,0.15952
16.697,0,0.0026165,1,0.05358,-0.15575,0.070009,0.15952
16.697,0,0.0026165,1,0.053648,-0.15582,0.070006,0.15952
16.697,0,0.0026165,1,0.053716,-0.15589,0.070004,0.15952
16.697,0,0.0026165,1,0.053784,-0.15596,0.070001,0.15951
16.697,0,0.0017719,1,0.053852,-0.15602,0.069998,0.15951
16.697,0,0.0017719,1,0.05392,-0.15609,0.069996,0.15951
16.697,0,0.0017719,1,0.053988,-0.15616,0.069993,0.15951
16.697,0,0.0017719,1,0.054056,-0.15623,0.069991,0.15951
16.697,0,0.0017719,1,0.054124,-0.1563,0.069988,0.15951
16.697,0,0.0017719,1,0.054192,-0.15636,0.069986,0.1595
16.697,0,0.0017719,1,0.05426,-0.15643,0.069983,0.1595
16.697,0,0.0017719,1,0.054328,-0.1565,0.069981,0.1595
16.697,0,0.0017719,1,0.054396,-0.15657,0.069978,0.1595
16.697,0,0.0017719,1,0.054465,-0.15664,0.069976,0.1595
16.697,0,0.0017719,1,0.054533,-0.1567,0.069973,0.1595
16.697,0,0.0017719,1,0.054601,-0.15677,0.069971,0.15949
16.697,0,0.0017719,1,0.054669,-0.15684,0.069968,0.15949
16.697,0,0.0017719,1,0.054737,-0.15691,0.069965,0.15949
16.697,0,0.0017719,1,0.054805,-0.15698,0.069963,0.15949
16.697,0,0.0017719,1,0.054873,-0.15704,0.06996,0.15949
16.697,0,0.0017719,1,0.054941,-0.15711,0.069958,0.15949
16.697,0,0.0017719,1,0.055009,-0.15718,0.069955,0.15949
16.697,0,0.0017719,1,0.055077,-0.15725,0.069953,0.15948
16.697,0,0.0017719,1,0.055145,-0.15732,0.06995,0.15948
16.697,0,0.0017719,1,0.055213,-0.15738,0.069948,0.15948
16.697,0,0.0017719,1,0.055282,-0.15745,0.069945,0.15948
16.697,0,0.0017719,1,0.05535,-0.15752,0.069943,0.15948
16.697,0,0.0017719,1,0.055418,-0.15759,0.06994,0.15948
16.697,0,0.0017719,1,0.055486,-0.15766,0.069937,0.15947
16.697,0,0.0017719,1,0.055554,-0.15772,0.069935,0.15947
16.697,0,0.0017719,1,0.055622,-0.15779,0.069932,0.15947
16.697,0,0.0017719,1,0.05569,-0.15786,0.06993,0.15947
16.697,0,0.0017719,1,0.055758,-0.15793,0.069927,0.15947
16.697,0,0.0017719,1,0.055826,-0.158,0.069925,0.15947
16.697,0,0.0011789,1,0.055894,-0.15806,0.069922,0.15946
16.697,0,0.0011789,1,0.055962,-0.15813,0.06992,0.15946
16.697,0,0.0011789,1,0.05603,-0.1582,0.069917,0.15946
16.697,0,0.0011789,1,0.056098,-0.15827,0.069915,0.15946
16.697,0,0.0011789,1,0.056167,-0.15834,0.069912,0.15946
16.697,0,0.0011789,1,0.056235,-0.1584,0.069909,0.15946
16.697,0,0.0011789,1,0.056303,-0.15847,0.069907,0.15945
16.697,0,0.0011789,1,0.056371,-0.15854,0.069904,0.15945
16.697,0,0.0011789,1,0.056439,-0.15861,0.069902,0.15945
16.697,0,0.0011789,1,0.056507,-0.15868,0.069899,0.15945
16.697,0,0.0011789,1,0.056575,-0.15874,0.069897,0.15945
16.697,0,0.0011789,1,0.056643,-0.15881,0.069894,0.15945
16.697,0,0.0011789,1,0.056711,-0.15888,0.069892,0.15945
16.697,0,0.0011789,1,0.056779,-0.15895,0.069889,0.15944
16.697,0,0.0011789,1,0.056847,-0.15902,0.069887,0.15944
16.697,0,0.0011789,1,0.056915,-0.15908,0.069884,0.15944
16.697,0,0.0011789,1,0.056984,-0.15915,0.069882,0.15944
16.697,0,0.0011789,1,0.057052,-0.15922,0.069879,0.15944
16.697,0,0.0011789,1,0.05712,-0.15929,0.069876,0.15944
16.697,0,0.0011789,1,0.057188,-0.15936,0.069874,0.15943
16.697,0,0.0011789,1,0.057256,-0.15942,0.069871,0.15943
16.697,0,0.0011789,1,0.057324,-0.15949,0.069869,0.15943
16.697,0,0.0011789,1,0.057392,-0.15956,0.069866,0.15943
16.697,0,0.0011789,1,0.05746,-0.15963,0.069864,0.15943
16.697,0,0.0011789,1,0.057528,-0.1597,0.069861,0.15943
16.697,0,0.0011789,1,0.057596,-0.15976,0.069859,0.15942
16.697,0,0.0011789,1,0.057664,-0.15983,0.069856,0.15942
16.697,0,0.0011789,1,0.057732,-0.1599,0.069854,0.15942
16.697,0,0.0011789,1,0.057801,-0.15997,0.069851,0.15942
16.697,0,0.00076212,1,0.057869,-0.16004,0.069848,0.15942
16.697,0,0.00076212,1,0.057937,-0.1601,0.069846,0.15942
16.697,0,0.00076212,1,0.058005,-0.16017,0.069843,0.15941
16.697,0,0.00076212,1,0.058073,-0.16024,0.069841,0.15941
16.697,0,0.00076212,1,0.058141,-0.16031,0.069838,0.15941
16.697,0,0.00076212,1,0.058209,-0.16038,0.069836,0.15941
16.697,0,0.00076212,1,0.058277,-0.16044,0.069833,0.15941
16.697,0,0.00076212,1,0.058345,-0.16051,0.069831,0.15941
16.697,0,0.00076212,1,0.058413,-0.16058,0.069828,0.1594
16.697,0,0.00076212,1,0.058481,-0.16065,0.069826,0.1594
16.697,0,0.00076212,1,0.058549,-0.16072,0.069823,0.1594
16.697,0,0.00076212,1,0.058617,-0.16078,0.069821,0.1594
16.697,0,0.00076212,1,0.058686,-0.16085,0.069818,0.1594
16.697,0,0.00076212,1,0.058754,-0.16092,0.069815,0.1594
16.697,0,0.00076212,1,0.058822,-0.16099,0.069813,0.1594
16.697,0,0.00076212,1,0.05889,-0.16106,0.06981,0.15939
16.697,0,0.00076212,1,0.058958,-0.16112,0.069808,0.15939
16.697,0,0.00076212,1,0.059026,-0.16119,0.069805,0.15939
16.697,0,0.00076212,1,0.059094,-0.16126,0.069803,0.15939
16.697,0,0.00076212,1,0.059162,-0.16133,0.0698,0.15939
16.697,0,0.00076212,1,0.05923,-0.1614,0.069798,0.15939
16.697,0,0.00076212,1,0.059298,-0.16146,0.069795,0.15938
16.697,0,0.00076212,1,0.059366,-0.16153,0.069793,0.15938
16.697,0,0.00076212,1,0.059434,-0.1616,0.06979,0.15938
16.697,0,0.00076212,1,0.059503,-0.16167,0.069787,0.15938
16.697,0,0.00076212,1,0.059571,-0.16174,0.069785,0.15938
16.697,0,0.00076212,1,0.059639,-0.1618,0.069782,0.15938
16.697,0,0.00076212,1,0.059707,-0.16187,0.06978,0.15937
16.697,0,0.00076212,1,0.059775,-0.16194,0.069777,0.15937
16.697,0,0.00047775,1,0.059843,-0.16201,0.069775,0.15937
16.697,0,0.00047775,1,0.059911,-0.16208,0.069772,0.15937
16.697,0,0.00047775,1,0.059979,-0.16214,0.06977,0.15937
16.697,0,0.00047775,1,0.060047,-0.16221,0.069767,0.15937
16.697,0,0.00047775,1,0.060115,-0.16228,0.069765,0.15936
16.697,0,0.00047775,1,0.060183,-0.16235,0.069762,0.15936
16.697,0,0.00047775,1,0.060251,-0.16242,0.06976,0.15936
16.697,0,0.00047775,1,0.060319,-0.16248,0.069757,0.15936
16.697,0,0.00047775,1,0.060388,-0.16255,0.069754,0.15936
16.697,0,0.00047775,1,0.060456,-0.16262,0.069752,0.15936
16.697,0,0.00047775,1,0.060524,-0.16269,0.069749,0.15935
16.697,0,0.00047775,1,0.060592,-0.16276,0.069747,0.15935
16.697,0,0.00047775,1,0.06066,-0.16283,0.069744,0.15935
16.697,0,0.00047775,1,0.060728,-0.16289,0.069742,0.15935
16.697,0,0.00047775,1,0.060796,-0.16296,0.069739,0.15935
16.697,0,0.00047775,1,0.060864,-0.16303,0.069737,0.15935
16.697,0,0.00047775,1,0.060932,-0.1631,0.069734,0.15935
16.697,0,0.00047775,1,0.061,-0.16317,0.069732,0.15934
16.697,0,0.00047775,1,0.061068,-0.16323,0.069729,0.15934
16.697,0,0.00047775,1,0.061136,-0.1633,0.069726,0.15934
16.697,0,0.00047775,1,0.061205,-0.16337,0.069724,0.15934
16.697,0,0.00047775,1,0.061273,-0.16344,0.069721,0.15934
16.697,0,0.00047775,1,0.061341,-0.16351,0.069719,0.15934
16.697,0,0.00047775,1,0.061409,-0.16357,0.069716,0.15933
16.697,0,0.00047775,1,0.061477,-0.16364,0.069714,0.15933
16.697,0,0.00047775,1,0.061545,-0.16371,0.069711,0.15933
16.697,0,0.00047775,1,0.061613,-0.16378,0.069709,0.15933
16.697,0,0.00047775,1,0.061681,-0.16385,0.069706,0.15933
16.697,0,0.00047775,1,0.061749,-0.16391,0.069704,0.15933
16.697,0,0.00047775,1,0.061817,-0.16398,0.069701,0.15932
16.697,0,0.00028977,1,0.061885,-0.16405,0.069699,0.15932
16.697,0,0.00028977,1,0.061953,-0.16412,0.069696,0.15932
16.697,0,0.00028977,1,0.062022,-0.16419,0.069693,0.15932
16.697,0,0.00028977,1,0.06209,-0.16425,0.069691,0.15932
16.697,0,0.00028977,1,0.062158,-0.16432,0.069688,0.15932
16.697,0,0.00028977,1,0.062226,-0.16439,0.069686,0.15931
16.697,0,0.00028977,1,0.062294,-0.16446,0.069683,0.15931
16.697,0,0.00028977,1,0.062362,-0.16453,0.069681,0.15931
16.697,0,0.00028977,1,0.06243,-0.16459,0.069678,0.15931
16.697,0,0.00028977,1,0.062498,-0.16466,0.069676,0.15931
16.697,0,0.00028977,1,0.062566,-0.16473,0.069673,0.15931
16.697,0,0.00028977,1,0.062634,-0.1648,0.069671,0.1593
16.697,0,0.00028977,1,0.062702,-0.16487,0.069668,0.1593
16.697,0,0.00028977,1,0.06277,-0.16493,0.069665,0.1593
16.697,0,0.00028977,1,0.062838,-0.165,0.069663,0.1593
16.697,0,0.00028977,1,0.062907,-0.16507,0.06966,0.1593
16.697,0,0.00028977,1,0.062975,-0.16514,0.069658,0.1593
16.697,0,0.00028977,1,0.063043,-0.16521,0.069655,0.1593
16.697,0,0.00028977,1,0.063111,-0.16527,0.069653,0.15929
16.697,0,0.00028977,1,0.063179,-0.16534,0.06965,0.15929
16.697,0,0.00028977,1,0.063247,-0.16541,0.069648,0.15929
16.697,0,0.00028977,1,0.063315,-0.16548,0.069645,0.15929
16.697,0,0.00028977,1,0.063383,-0.16555,0.069643,0.15929
16.697,0,0.00028977,1,0.063451,-0.16561,0.06964,0.15929
16.697,0,0.00028977,1,0.063519,-0.16568,0.069638,0.15928
16.697,0,0.00028977,1,0.063587,-0.16575,0.069635,0.15928
16.697,0,0.00028977,1,0.063655,-0.16582,0.069632,0.15928
16.697,0,0.00028977,1,0.063724,-0.16589,0.06963,0.15928
16.697,0,0.00028977,1,0.063792,-0.16595,0.069627,0.15928
16.697,0,0.00016963,1,0.06386,-0.16602,0.069625,0.15928
16.697,0,0.00016963,1,0.063928,-0.16609,0.069622,0.15927
16.697,0,0.00016963,1,0.063996,-0.16616,0.06962,0.15927
16.697,0,0.00016963,1,0.064064,-0.16623,0.069617,0.15927
16.697,0,0.00016963,1,0.064132,-0.16629,0.069615,0.15927
16.697,0,0.00016963,1,0.0642,-0.16636,0.069612,0.15927
16.697,0,0.00016963,1,0.064268,-0.16643,0.06961,0.15927
16.697,0,0.00016963,1,0.064336,-0.1665,0.069607,0.15926
16.697,0,0.00016963,1,0.064404,-0.16657,0.069604,0.15926
16.697,0,0.00016963,1,0.064472,-0.16663,0.069602,0.15926
16.697,0,0.00016963,1,0.064541,-0.1667,0.069599,0.15926
16.697,0,0.00016963,1,0.064609,-0.16677,0.069597,0.15926
16.697,0,0.00016963,1,0.064677,-0.16684,0.069594,0.15926
16.697,0,0.00016963,1,0.064745,-0.16691,0.069592,0.15925
16.697,0,0.00016963,1,0.064813,-0.16697,0.069589,0.15925
16.697,0,0.00016963,1,0.064881,-0.16704,0.069587,0.15925
16.697,0,0.00016963,1,0.064949,-0.16711,0.069584,0.15925
16.697,0,0.00016963,1,0.065017,-0.16718,0.069582,0.15925
16.697,0,0.00016963,1,0.065085,-0.16725,0.069579,0.15925
16.697,0,0.00016963,1,0.065153,-0.16731,0.069577,0.15925
16.697,0,0.00016963,1,0.065221,-0.16738,0.069574,0.15924
16.697,0,0.00016963,1,0.065289,-0.16745,0.069571,0.15924
16.697,0,0.00016963,1,0.065357,-0.16752,0.069569,0.15924
16.697,0,0.00016963,1,0.065426,-0.16759,0.069566,0.15924
16.697,0,0.00016963,1,0.065494,-0.16765,0.069564,0.15924
16.697,0,0.00016963,1,0.065562,-0.16772,0.069561,0.15924
16.697,0,0.00016963,1,0.06563,-0.16779,0.069559,0.15923
16.697,0,0.00016963,1,0.065698,-0.16786,0.069556,0.15923
16.697,0,0.00016963,1,0.065766,-0.16793,0.069554,0.15923
16.697,0,0.00016963,1,0.065834,-0.16799,0.069551,0.15923
16.697,0,9.5606e-05,1,0.065902,-0.16806,0.069549,0.15923
16.697,0,9.5606e-05,1,0.06597,-0.16813,0.069546,0.15923
16.697,0,9.5606e-05,1,0.066038,-0.1682,0.069543,0.15922
16.697,0,9.5606e-05,1,0.066106,-0.16827,0.069541,0.15922
16.697,0,9.5606e-05,1,0.066174,-0.16833,0.069538,0.15922
16.697,0,9.5606e-05,1,0.066243,-0.1684,0.069536,0.15922
16.697,0,9.5606e-05,1,0.066311,-0.16847,0.069533,0.15922
16.697,0,9.5606e-05,1,0.066379,-0.16854,0.069531,0.15922
16.697,0,9.5606e-05,1,0.066447,-0.16861,0.069528,0.15921
16.697,0,9.5606e-05,1,0.066515,-0.16867,0.069526,0.15921
16.697,0,9.5606e-05,1,0.066583,-0.16874,0.069523,0.15921
16.697,0,9.5606e-05,1,0.066651,-0.16881,0.069521,0.15921
16.697,0,9.5606e-05,1,0.066719,-0.16888,0.069518,0.15921
16.697,0,9.5606e-05,1,0.066787,-0.16895,0.069516,0.15921
16.697,0,9.5606e-05,1,0.066855,-0.16901,0.069513,0.1592
16.697,0,9.5606e-05,1,0.066923,-0.16908,0.06951,0.1592
16.697,0,9.5606e-05,1,0.066991,-0.16915,0.069508,0.1592
16.697,0,9.5606e-05,1,0.067059,-0.16922,0.069505,0.1592
16.697,0,9.5606e-05,1,0.067128,-0.16929,0.069503,0.1592
16.697,0,9.5606e-05,1,0.067196,-0.16935,0.0695,0.1592
16.697,0,9.5606e-05,1,0.067264,-0.16942,0.069498,0.1592
16.697,0,9.5606e-05,1,0.067332,-0.16949,0.069495,0.15919
16.697,0,9.5606e-05,1,0.0674,-0.16956,0.069493,0.15919
16.697,0,9.5606e-05,1,0.067468,-0.16963,0.06949,0.15919
16.697,0,9.5606e-05,1,0.067536,-0.16969,0.069488,0.15919
16.697,0,9.5606e-05,1,0.067604,-0.16976,0.069485,0.15919
16.697,0,9.5606e-05,1,0.067672,-0.16983,0.069482,0.15919
16.697,0,9.5606e-05,1,0.06774,-0.1699,0.06948,0.15918
16.697,0,9.5606e-05,1,0.067808,-0.16997,0.069477,0.15918
16.697,0,5.1736e-05,1,0.067876,-0.17003,0.069475,0.15918
16.697,0,5.1736e-05,1,0.067945,-0.1701,0.069472,0.15918
16.697,0,5.1736e-05,1,0.068013,-0.17017,0.06947,0.15918
16.697,0,5.1736e-05,1,0.068081,-0.17024,0.069467,0.15918
