1599430632.0445933,0,2.0
1599430632.065965,0,-1.0
1599430632.0869942,0,1.0
1599430632.1082513,0,0.0
1599430632.1295972,0,0.0
1599430632.150826,0,2.0
1599430632.1719747,0,-1.0
1599430632.193246,0,2.0
1599430632.2145705,0,-1.0
1599430632.2356262,0,2.0
1599430632.256925,0,-1.0
1599430632.2780209,0,1.0
1599430632.2992892,0,0.0
1599430632.320576,0,1.0
1599430632.341683,0,0.0
1599430632.3629837,0,-1.0
1599430632.3842795,0,1.0
1599430632.405342,0,-1.0
1599430632.4266062,0,1.0
1599430632.4481254,0,-1.0
1599430632.4691746,0,2.0
1599430632.4905057,0,-1.0
1599430632.5115702,0,2.0
1599430632.5328836,0,0.0
1599430632.5541418,0,1.0
1599430632.575245,0,0.0
1599430632.5965867,0,-1.0
1599430632.6177924,0,1.0
1599430632.638915,0,-2.0
1599430632.660209,0,1.0
1599430632.68151,0,-1.0
1599430632.7025814,0,2.0
1599430632.7238781,0,-1.0
1599430632.745198,0,1.0
1599430632.7664332,0,0.0
1599430632.7875736,0,1.0
1599430632.808836,0,0.0
1599430632.8302102,0,-1.0
1599430632.8512638,0,2.0
1599430632.8725421,0,-2.0
1599430632.8935673,0,1.0
1599430632.9149718,0,-1.0
1599430632.9360197,0,1.0
1599430632.9573514,0,-1.0
1599430632.9786031,0,0.0
1599430632.9996727,0,0.0
1599430633.0211048,0,0.0
1599430633.042413,0,1.0
1599430633.0635855,0,0.0
1599430633.0848176,0,1.0
1599430633.106112,0,-1.0
1599430633.1271927,0,2.0
1599430633.1485736,0,-1.0
1599430633.1695952,0,1.0
1599430633.1909156,0,-1.0
1599430633.2120178,0,1.0
1599430633.2334666,0,0.0
1599430633.2545424,0,1.0
1599430633.2758663,0,1.0
1599430633.2972414,0,-1.0
1599430633.318252,0,1.0
1599430633.3395514,0,-1.0
1599430633.3606083,0,2.0
1599430633.3819897,0,-2.0
1599430633.4030194,0,1.0
1599430633.4244657,0,-1.0
1599430633.4457974,0,1.0
1599430633.4668376,0,1.0
1599430633.4881518,0,1.0
1599430633.5092325,0,1.0
1599430633.5306017,0,-1.0
1599430633.5517988,0,1.0
1599430633.573079,0,-1.0
1599430633.5941765,0,2.0
1599430633.6154943,0,-1.0
1599430633.6365793,0,1.0
1599430633.6578836,0,-1.0
1599430633.6790278,0,1.0
1599430633.700444,0,1.0
1599430633.721526,0,0.0
1599430633.7428327,0,1.0
1599430633.7639859,0,0.0
1599430633.7852342,0,1.0
1599430633.8065012,0,-1.0
1599430633.8276439,0,1.0
1599430633.848942,0,-1.0
1599430633.8701425,0,1.0
1599430633.8913152,0,0.0
1599430633.912633,0,1.0
1599430633.9337254,0,1.0
1599430633.954993,0,0.0
1599430633.9762833,0,1.0
1599430633.9975622,0,0.0
1599430634.0188446,0,2.0
1599430634.0399911,0,-1.0
1599430634.0613446,0,1.0
1599430634.0823858,0,0.0
1599430634.103644,0,1.0
1599430634.1247437,0,0.0
1599430634.1461399,0,0.0
1599430634.1673648,0,0.0
1599430634.188673,0,-1.0
1599430634.2099166,0,1.0
1599430634.231088,0,-1.0
1599430634.2522986,0,1.0
1599430634.2734244,0,-1.0
1599430634.2947538,0,1.0
1599430634.3160677,0,-1.0
1599430634.3370936,0,0.0
1599430634.3583977,0,0.0
1599430634.3796382,0,0.0
1599430634.4007978,0,1.0
1599430634.422125,0,0.0
1599430634.4432218,0,1.0
1599430634.4645402,0,-1.0
1599430634.4856524,0,1.0
1599430634.5071025,0,-1.0
1599430634.5282423,0,1.0
1599430634.5495412,0,0.0
1599430634.5705671,0,0.0
1599430634.591859,0,0.0
1599430634.6132252,0,0.0
1599430634.6342525,0,1.0
1599430634.655539,0,0.0
1599430634.6766338,0,1.0
1599430634.6981752,0,-1.0
1599430634.719206,0,1.0
1599430634.7405016,0,-1.0
1599430634.7618675,0,0.0
1599430634.7829478,0,0.0
1599430634.8041313,0,0.0
1599430634.825459,0,0.0
1599430634.8465197,0,0.0
1599430634.867791,0,1.0
1599430634.8889554,0,0.0
1599430634.9102728,0,1.0
1599430634.9316595,0,-1.0
1599430634.9528284,0,1.0
1599430634.9740648,0,-1.0
1599430634.9952312,0,1.0
1599430635.016524,0,0.0
1599430635.037627,0,0.0
1599430635.0588605,0,1.0
1599430635.080079,0,0.0
1599430635.1013036,0,1.0
1599430635.1225855,0,0.0
1599430635.1436987,0,1.0
1599430635.165152,0,-1.0
1599430635.1862154,0,1.0
1599430635.2075052,0,0.0
1599430635.2289047,0,1.0
1599430635.249926,0,0.0
1599430635.271207,0,0.0
1599430635.2923234,0,1.0
1599430635.3136482,0,0.0
1599430635.3348858,0,1.0
1599430635.356007,0,0.0
1599430635.3773248,0,2.0
1599430635.398453,0,0.0
1599430635.41973,0,3.0
1599430635.441003,0,3.0
1599430635.4623058,0,5.0
1599430635.4833913,0,6.0
1599430635.5046751,0,7.0
1599430635.5260541,0,11.0
1599430635.547242,0,13.0
1599430635.5685031,0,17.0
1599430635.5898542,0,19.0
1599430635.6109598,0,24.0
1599430635.6322029,0,24.0
1599430635.6534803,0,30.0
1599430635.6745827,0,32.0
1599430635.6956956,0,35.0
1599430635.7170012,0,40.0
1599430635.7382712,0,42.0
1599430635.7596037,0,47.0
1599430635.7808504,0,50.0
1599430635.8019187,0,54.0
1599430635.8232298,0,56.0
1599430635.8445303,0,62.0
1599430635.8657784,0,64.0
1599430635.886861,0,68.0
1599430635.908204,0,72.0
1599430635.9292953,0,75.0
1599430635.9505792,0,81.0
1599430635.9718456,0,84.0
1599430635.99297,0,88.0
1599430636.0142498,0,91.0
1599430636.0354583,0,95.0
1599430636.0568593,0,96.0
1599430636.0781271,0,100.0
1599430636.0992098,0,99.0
1599430636.1205068,0,101.0
1599430636.1418405,0,102.0
1599430636.1630774,0,103.0
1599430636.184197,0,104.0
1599430636.2055151,0,101.0
1599430636.2266753,0,100.0
1599430636.247852,0,93.0
1599430636.2689705,0,92.0
1599430636.2900727,0,86.0
1599430636.3114214,0,83.0
1599430636.3326554,0,76.0
1599430636.3540502,0,74.0
1599430636.3751333,0,65.0
1599430636.3964286,0,60.0
1599430636.4176474,0,55.0
1599430636.4388123,0,48.0
1599430636.460064,0,46.0
1599430636.481208,0,39.0
1599430636.5024354,0,37.0
1599430636.5237927,0,32.0
1599430636.545039,0,29.0
1599430636.566308,0,23.0
1599430636.5873933,0,20.0
1599430636.6087167,0,17.0
1599430636.6298234,0,14.0
1599430636.651086,0,12.0
1599430636.6719947,0,8.0
1599430636.6935387,0,8.0
1599430636.7146428,0,5.0
1599430636.7358477,0,6.0
1599430636.75714,0,3.0
1599430636.7782907,0,3.0
1599430636.7995782,0,2.0
1599430636.820693,0,2.0
1599430636.8420682,0,2.0
1599430636.8631592,0,1.0
1599430636.884338,0,2.0
1599430636.9056635,0,1.0
1599430636.927041,0,2.0
1599430636.9480753,0,0.0
1599430636.9693573,0,2.0
1599430636.9906547,0,0.0
1599430637.0117538,0,1.0
1599430637.0330203,0,1.0
1599430637.0543244,0,1.0
1599430637.075461,0,1.0
1599430637.0967453,0,0.0
1599430637.1178594,0,1.0
1599430637.139049,0,0.0
1599430637.1604958,0,1.0
1599430637.1816988,0,0.0
1599430637.202812,0,2.0
1599430637.2240875,0,-1.0
1599430637.2454019,0,1.0
1599430637.2664654,0,0.0
1599430637.2877147,0,0.0
1599430637.3088992,0,1.0
1599430637.330157,0,0.0
1599430637.351443,0,1.0
1599430637.3726857,0,0.0
1599430637.3939083,0,1.0
1599430637.4151554,0,-1.0
1599430637.436434,0,1.0
1599430637.4575331,0,0.0
1599430637.4789693,0,1.0
1599430637.4999213,0,0.0
1599430637.5211976,0,1.0
1599430637.542321,0,0.0
1599430637.5637336,0,-1.0
1599430637.584893,0,1.0
1599430637.6061962,0,-1.0
1599430637.6275406,0,1.0
1599430637.6485841,0,0.0
1599430637.6698952,0,1.0
1599430637.690967,0,0.0
1599430637.712336,0,1.0
1599430637.733525,0,0.0
1599430637.75463,0,0.0
1599430637.7760332,0,1.0
1599430637.7971077,0,0.0
1599430637.8185112,0,2.0
1599430637.8396437,0,0.0
1599430637.8609576,0,3.0
1599430637.8821623,0,1.0
1599430637.9033067,0,4.0
1599430637.924595,0,5.0
1599430637.9457738,0,8.0
1599430637.967124,0,11.0
1599430637.9884202,0,16.0
1599430638.0096095,0,21.0
1599430638.030815,0,24.0
1599430638.052113,0,31.0
1599430638.0732214,0,33.0
1599430638.094587,0,41.0
1599430638.115771,0,46.0
1599430638.1370714,0,54.0
1599430638.1582384,0,62.0
1599430638.1795092,0,72.0
1599430638.200606,0,87.0
1599430638.2221549,0,125.0
1599430638.2431643,0,163.0
1599430638.2644608,0,183.0
1599430638.2857182,0,171.0
1599430638.307045,0,154.0
1599430638.3281162,0,136.0
1599430638.349401,0,113.0
1599430638.37047,0,117.0
1599430638.3919642,0,123.0
1599430638.4130788,0,130.0
1599430638.4343834,0,137.0
1599430638.455589,0,141.0
1599430638.476786,0,148.0
1599430638.4980395,0,149.0
1599430638.5191214,0,155.0
1599430638.5404654,0,152.0
1599430638.561581,0,151.0
1599430638.5830088,0,141.0
1599430638.604177,0,132.0
1599430638.6253908,0,123.0
1599430638.6464927,0,115.0
1599430638.6677938,0,110.0
1599430638.689068,0,101.0
1599430638.7101994,0,96.0
1599430638.7312887,0,88.0
1599430638.752589,0,83.0
1599430638.7738597,0,74.0
1599430638.7949772,0,73.0
1599430638.816227,0,66.0
1599430638.8373895,0,58.0
1599430638.8586414,0,50.0
1599430638.8799255,0,40.0
1599430638.901198,0,35.0
1599430638.922316,0,27.0
1599430638.9436874,0,23.0
1599430638.9648635,0,16.0
1599430638.9861228,0,15.0
1599430639.007315,0,11.0
1599430639.0284138,0,10.0
1599430639.049631,0,7.0
1599430639.0707493,0,5.0
1599430639.0921028,0,5.0
1599430639.1131666,0,3.0
1599430639.1346047,0,4.0
1599430639.1557002,0,2.0
1599430639.1770842,0,3.0
1599430639.1982799,0,1.0
1599430639.219384,0,3.0
1599430639.2407346,0,1.0
1599430639.26187,0,2.0
1599430639.2830997,0,1.0
1599430639.30428,0,1.0
1599430639.325505,0,1.0
1599430639.346694,0,0.0
1599430639.367776,0,1.0
1599430639.3893166,0,0.0
1599430639.4105902,0,1.0
1599430639.431683,0,-1.0
1599430639.4529748,0,1.0
1599430639.4741752,0,0.0
1599430639.4953523,0,1.0
1599430639.5164523,0,0.0
1599430639.537761,0,0.0
1599430639.5590537,0,0.0
1599430639.5803118,0,0.0
1599430639.6016383,0,2.0
1599430639.6227791,0,-1.0
1599430639.644025,0,1.0
1599430639.6653173,0,-1.0
1599430639.686417,0,1.0
1599430639.7077618,0,0.0
1599430639.7288668,0,0.0
1599430639.750104,0,0.0
1599430639.7712297,0,0.0
1599430639.7925308,0,0.0
1599430639.8137717,0,0.0
1599430639.8348463,0,1.0
1599430639.8564012,0,-1.0
1599430639.8774772,0,1.0
1599430639.8987105,0,0.0
1599430639.9199657,0,1.0
1599430639.9412298,0,0.0
1599430639.9623692,0,0.0
1599430639.9834712,0,0.0
1599430640.0047827,0,0.0
1599430640.025942,0,1.0
1599430640.0473387,0,0.0
1599430640.068469,0,1.0
1599430640.0897481,0,-1.0
1599430640.1110058,0,1.0
1599430640.132218,0,0.0
1599430640.153392,0,2.0
1599430640.174585,0,1.0
1599430640.1958692,0,1.0
1599430640.2169654,0,1.0
1599430640.238508,0,1.0
1599430640.2595775,0,3.0
1599430640.2807927,0,2.0
1599430640.3020642,0,5.0
1599430640.3232002,0,5.0
1599430640.344434,0,9.0
1599430640.365768,0,11.0
1599430640.3871264,0,16.0
1599430640.4083605,0,19.0
1599430640.429459,0,23.0
1599430640.4508114,0,28.0
1599430640.4719157,0,30.0
1599430640.493216,0,36.0
1599430640.5144303,0,37.0
1599430640.5355735,0,43.0
1599430640.5568912,0,46.0
1599430640.5781076,0,53.0
1599430640.5994165,0,54.0
1599430640.6205964,0,61.0
1599430640.6417367,0,64.0
1599430640.6628919,0,68.0
1599430640.6841805,0,75.0
1599430640.705522,0,78.0
1599430640.72664,0,83.0
1599430640.7479491,0,86.0
1599430640.7692616,0,90.0
1599430640.790359,0,93.0
1599430640.811478,0,97.0
1599430640.832726,0,98.0
1599430640.854174,0,102.0
1599430640.8755846,0,104.0
1599430640.8966908,0,105.0
1599430640.917962,0,108.0
1599430640.9390993,0,108.0
1599430640.960483,0,110.0
1599430640.9815934,0,109.0
1599430641.002979,0,110.0
1599430641.0239644,0,106.0
1599430641.0451117,0,105.0
1599430641.0664053,0,99.0
1599430641.0876946,0,97.0
1599430641.1087837,0,91.0
1599430641.1298687,0,88.0
1599430641.1511557,0,85.0
1599430641.1724248,0,78.0
1599430641.193727,0,77.0
1599430641.2148604,0,70.0
1599430641.2362332,0,66.0
1599430641.257452,0,61.0
1599430641.2785351,0,57.0
1599430641.299822,0,51.0
1599430641.3209956,0,46.0
1599430641.3422287,0,40.0
1599430641.3635035,0,34.0
1599430641.3848257,0,30.0
1599430641.4059975,0,24.0
1599430641.4271963,0,22.0
1599430641.4483318,0,17.0
1599430641.4696283,0,14.0
1599430641.4909716,0,11.0
1599430641.511795,0,9.0
1599430641.533082,0,8.0
1599430641.5546124,0,6.0
1599430641.5756867,0,6.0
1599430641.5968945,0,4.0
1599430641.6180542,0,5.0
1599430641.6394136,0,3.0
1599430641.6606283,0,4.0
1599430641.6817372,0,1.0
1599430641.7030427,0,2.0
1599430641.7241766,0,1.0
1599430641.7454326,0,2.0
1599430641.7667117,0,1.0
1599430641.7880964,0,1.0
1599430641.8091652,0,2.0
1599430641.8303716,0,0.0
1599430641.8516781,0,1.0
1599430641.8727922,0,0.0
1599430641.8940775,0,2.0
1599430641.9151738,0,0.0
1599430641.9364815,0,1.0
1599430641.9578104,0,0.0
1599430641.9790428,0,1.0
1599430642.000187,0,1.0
1599430642.021478,0,0.0
1599430642.042603,0,1.0
1599430642.063819,0,0.0
1599430642.0850759,0,1.0
1599430642.1062434,0,0.0
1599430642.1274998,0,1.0
1599430642.1488125,0,-1.0
1599430642.169912,0,1.0
1599430642.1912646,0,-1.0
1599430642.2123039,0,0.0
1599430642.2338185,0,1.0
1599430642.2550273,0,0.0
1599430642.2761781,0,1.0
1599430642.2973015,0,0.0
1599430642.318547,0,1.0
1599430642.3399112,0,0.0
1599430642.3609982,0,0.0
1599430642.3822935,0,-1.0
1599430642.403372,0,0.0
1599430642.424846,0,1.0
1599430642.446,0,0.0
1599430642.4673026,0,1.0
1599430642.4884546,0,0.0
1599430642.5096376,0,1.0
1599430642.5307546,0,0.0
1599430642.5520365,0,2.0
1599430642.57327,0,0.0
1599430642.5944698,0,1.0
1599430642.6156063,0,0.0
1599430642.6371214,0,1.0
1599430642.6583257,0,2.0
1599430642.6795154,0,2.0
1599430642.7007477,0,3.0
1599430642.721891,0,3.0
1599430642.7432015,0,6.0
1599430642.7644458,0,7.0
1599430642.78571,0,12.0
1599430642.8070092,0,13.0
1599430642.8280935,0,19.0
1599430642.8492587,0,21.0
1599430642.870509,0,24.0
1599430642.8918593,0,28.0
1599430642.9131422,0,30.0
1599430642.9344027,0,34.0
1599430642.955682,0,37.0
1599430642.9768245,0,44.0
1599430642.9981282,0,44.0
1599430643.01917,0,50.0
1599430643.0404825,0,51.0
1599430643.0615723,0,56.0
1599430643.082848,0,60.0
1599430643.1042259,0,65.0
1599430643.1254303,0,70.0
1599430643.1466055,0,74.0
1599430643.1679275,0,78.0
1599430643.1891387,0,81.0
1599430643.210267,0,87.0
1599430643.2313864,0,88.0
1599430643.2528384,0,94.0
1599430643.2740073,0,96.0
1599430643.2954302,0,100.0
1599430643.3165624,0,103.0
1599430643.3378274,0,105.0
1599430643.3589306,0,107.0
1599430643.380211,0,108.0
1599430643.4015427,0,109.0
1599430643.422654,0,107.0
1599430643.4438853,0,108.0
1599430643.4650548,0,105.0
1599430643.4865568,0,106.0
1599430643.5075636,0,102.0
1599430643.528836,0,101.0
1599430643.5499256,0,97.0
1599430643.571137,0,94.0
1599430643.5923347,0,91.0
1599430643.6136034,0,86.0
1599430643.634778,0,82.0
1599430643.6560082,0,78.0
1599430643.6772754,0,75.0
1599430643.6986,0,66.0
1599430643.7197912,0,63.0
1599430643.74092,0,55.0
1599430643.7621536,0,48.0
1599430643.7834742,0,44.0
1599430643.804709,0,37.0
1599430643.8258257,0,33.0
1599430643.847105,0,28.0
1599430643.8684232,0,23.0
1599430643.8895414,0,18.0
1599430643.910702,0,16.0
1599430643.9319155,0,11.0
1599430643.9532819,0,10.0
1599430643.9743466,0,7.0
1599430643.9956503,0,6.0
1599430644.016732,0,6.0
1599430644.037971,0,4.0
1599430644.0592322,0,4.0
1599430644.0803397,0,3.0
1599430644.1016989,0,3.0
1599430644.122999,0,1.0
1599430644.1441932,0,3.0
1599430644.1653488,0,1.0
1599430644.1865945,0,1.0
1599430644.207793,0,1.0
1599430644.2290742,0,1.0
1599430644.2501798,0,1.0
1599430644.2714388,0,1.0
1599430644.292739,0,1.0
1599430644.3139405,0,0.0
1599430644.335368,0,2.0
1599430644.3564923,0,0.0
1599430644.3777287,0,0.0
1599430644.3989837,0,-1.0
1599430644.420115,0,0.0
1599430644.4413486,0,1.0
1599430644.462515,0,0.0
1599430644.4837935,0,1.0
1599430644.50495,0,0.0
1599430644.526106,0,1.0
1599430644.5474005,0,0.0
1599430644.5685308,0,1.0
1599430644.5900192,0,-1.0
1599430644.6111073,0,0.0
1599430644.6323953,0,-1.0
1599430644.6536996,0,0.0
1599430644.6747177,0,0.0
1599430644.696042,0,0.0
1599430644.7171807,0,1.0
1599430644.7385685,0,0.0
1599430644.7598135,0,1.0
1599430644.7808337,0,0.0
1599430644.802306,0,1.0
1599430644.8234372,0,-1.0
1599430644.8447387,0,0.0
1599430644.866079,0,-1.0
1599430644.8871872,0,0.0
1599430644.9084299,0,1.0
1599430644.9294505,0,0.0
1599430644.950828,0,1.0
1599430644.9719079,0,0.0
1599430644.9932382,0,1.0
1599430645.0144725,0,0.0
1599430645.0356278,0,2.0
1599430645.056891,0,0.0
1599430645.0781407,0,1.0
1599430645.0994346,0,1.0
1599430645.1205766,0,1.0
1599430645.1417923,0,2.0
1599430645.1630647,0,2.0
1599430645.1842291,0,4.0
1599430645.2055478,0,3.0
1599430645.226649,0,6.0
1599430645.2479272,0,6.0
1599430645.2692177,0,9.0
1599430645.2905838,0,10.0
1599430645.3117309,0,13.0
1599430645.3328466,0,16.0
1599430645.3542101,0,18.0
1599430645.3754325,0,22.0
1599430645.3967462,0,24.0
1599430645.4178612,0,30.0
1599430645.4391377,0,33.0
1599430645.460451,0,38.0
1599430645.4815316,0,41.0
1599430645.5029278,0,46.0
1599430645.523914,0,47.0
1599430645.5451708,0,53.0
1599430645.5665536,0,56.0
1599430645.5877786,0,62.0
1599430645.60888,0,69.0
1599430645.6301806,0,72.0
1599430645.6515749,0,76.0
1599430645.672526,0,78.0
1599430645.6938722,0,82.0
1599430645.7149756,0,83.0
1599430645.7362766,0,87.0
1599430645.757527,0,86.0
1599430645.7788084,0,88.0
1599430645.8000085,0,88.0
1599430645.821231,0,88.0
1599430645.8424857,0,88.0
1599430645.8636303,0,86.0
1599430645.8849306,0,85.0
1599430645.9061706,0,81.0
1599430645.9272418,0,81.0
1599430645.9486508,0,76.0
1599430645.9699342,0,74.0
1599430645.9911332,0,72.0
1599430646.0122316,0,68.0
1599430646.0335286,0,63.0
1599430646.0547357,0,60.0
1599430646.0759747,0,55.0
1599430646.0971928,0,50.0
1599430646.1183403,0,48.0
1599430646.1396117,0,41.0
1599430646.1608198,0,38.0
1599430646.182173,0,32.0
1599430646.2032807,0,28.0
1599430646.2245355,0,25.0
1599430646.2458193,0,22.0
1599430646.2671626,0,19.0
1599430646.288172,0,16.0
1599430646.3093004,0,14.0
1599430646.3305807,0,11.0
1599430646.3519306,0,11.0
1599430646.3729892,0,8.0
1599430646.3942409,0,8.0
1599430646.4155834,0,5.0
1599430646.436613,0,6.0
1599430646.4578962,0,5.0
1599430646.4790075,0,4.0
1599430646.5003495,0,4.0
1599430646.5216467,0,3.0
1599430646.5427775,0,4.0
1599430646.5640998,0,2.0
1599430646.5852337,0,3.0
1599430646.6065037,0,1.0
1599430646.6276221,0,1.0
1599430646.6488724,0,0.0
1599430646.6702359,0,1.0
1599430646.6912806,0,1.0
1599430646.7127156,0,1.0
1599430646.7338881,0,1.0
1599430646.7551672,0,0.0
1599430646.776228,0,1.0
1599430646.7974918,0,0.0
1599430646.8189077,0,1.0
1599430646.8400059,0,-1.0
1599430646.861151,0,0.0
1599430646.8825533,0,-1.0
1599430646.9036248,0,0.0
1599430646.9248095,0,1.0
1599430646.9460797,0,0.0
1599430646.96761,0,1.0
1599430646.988575,0,0.0
1599430647.009807,0,1.0
1599430647.031109,0,-1.0
1599430647.0522277,0,1.0
1599430647.0734806,0,-1.0
1599430647.094595,0,0.0
1599430647.1158884,0,0.0
1599430647.137144,0,0.0
1599430647.158241,0,1.0
1599430647.1796992,0,0.0
1599430647.2008832,0,1.0
1599430647.2220812,0,0.0
1599430647.2432032,0,1.0
1599430647.2645006,0,-1.0
1599430647.28581,0,1.0
1599430647.3068862,0,-1.0
1599430647.3281653,0,0.0
1599430647.3492498,0,0.0
1599430647.3707106,0,0.0
1599430647.3918514,0,1.0
1599430647.4131246,0,0.0
1599430647.4344394,0,1.0
1599430647.455571,0,0.0
1599430647.4768238,0,1.0
1599430647.4979398,0,0.0
1599430647.5192397,0,2.0
1599430647.5404818,0,2.0
1599430647.5615838,0,2.0
1599430647.5829372,0,4.0
1599430647.6041896,0,4.0
1599430647.6252773,0,6.0
1599430647.6465218,0,6.0
1599430647.667868,0,9.0
1599430647.6891124,0,9.0
1599430647.7103827,0,13.0
1599430647.7317276,0,13.0
1599430647.7528448,0,17.0
1599430647.7741272,0,19.0
1599430647.7953815,0,21.0
1599430647.8167367,0,24.0
1599430647.837657,0,26.0
1599430647.8588572,0,29.0
1599430647.880139,0,31.0
1599430647.9015079,0,35.0
1599430647.9227228,0,36.0
1599430647.9440143,0,41.0
1599430647.9651232,0,43.0
1599430647.986422,0,48.0
1599430648.00774,0,52.0
1599430648.0286539,0,53.0
1599430648.0499918,0,57.0
1599430648.071203,0,60.0
1599430648.0924973,0,64.0
1599430648.113573,0,67.0
1599430648.134978,0,71.0
1599430648.156229,0,72.0
1599430648.1774523,0,77.0
1599430648.198613,0,79.0
1599430648.2198095,0,82.0
1599430648.240992,0,83.0
1599430648.262254,0,84.0
1599430648.283601,0,86.0
1599430648.3047931,0,86.0
1599430648.3259182,0,87.0
1599430648.347298,0,85.0
1599430648.3685155,0,84.0
1599430648.3895917,0,81.0
1599430648.410737,0,80.0
1599430648.4320679,0,75.0
1599430648.4533157,0,73.0
1599430648.474573,0,70.0
1599430648.495899,0,65.0
1599430648.5170455,0,63.0
1599430648.5382516,0,58.0
1599430648.559518,0,55.0
1599430648.5806098,0,50.0
1599430648.6018286,0,46.0
1599430648.6230056,0,40.0
1599430648.6442754,0,37.0
1599430648.6656134,0,30.0
1599430648.6868618,0,26.0
1599430648.707958,0,22.0
1599430648.7292902,0,17.0
1599430648.7506783,0,15.0
1599430648.7716846,0,12.0
1599430648.792937,0,10.0
1599430648.8140993,0,7.0
1599430648.835198,0,7.0
1599430648.8564267,0,4.0
1599430648.8777237,0,5.0
1599430648.8991323,0,4.0
1599430648.9202287,0,3.0
1599430648.9413762,0,3.0
1599430648.9624813,0,2.0
1599430648.9838533,0,2.0
1599430649.005077,0,1.0
1599430649.0262184,0,2.0
1599430649.0474863,0,0.0
1599430649.0688381,0,2.0
1599430649.090037,0,0.0
1599430649.111147,0,2.0
1599430649.1324704,0,1.0
1599430649.153639,0,0.0
1599430649.1748302,0,1.0
1599430649.196111,0,0.0
1599430649.21731,0,1.0
1599430649.2385406,0,0.0
1599430649.259684,0,1.0
1599430649.281,0,-1.0
1599430649.3022363,0,1.0
1599430649.3233893,0,-1.0
1599430649.344607,0,0.0
1599430649.3660114,0,0.0
1599430649.3872352,0,0.0
1599430649.4083617,0,1.0
1599430649.4296153,0,0.0
1599430649.4507585,0,1.0
1599430649.4719992,0,0.0
1599430649.4931374,0,1.0
1599430649.5144527,0,-1.0
1599430649.535769,0,1.0
1599430649.55698,0,-1.0
1599430649.5781083,0,0.0
1599430649.599349,0,0.0
1599430649.6205084,0,0.0
1599430649.6419375,0,1.0
1599430649.6630578,0,0.0
1599430649.684406,0,1.0
1599430649.7056212,0,-1.0
1599430649.7267108,0,1.0
1599430649.7481315,0,-1.0
1599430649.7691917,0,1.0
1599430649.7904584,0,0.0
1599430649.811665,0,0.0
1599430649.8327987,0,1.0
1599430649.854072,0,0.0
1599430649.8753326,0,1.0
1599430649.896605,0,0.0
1599430649.917941,0,1.0
1599430649.938973,0,0.0
1599430649.9603262,0,2.0
1599430649.9814293,0,0.0
1599430650.002728,0,3.0
1599430650.0237687,0,2.0
1599430650.045071,0,3.0
1599430650.0663745,0,3.0
1599430650.087629,0,4.0
1599430650.108892,0,6.0
1599430650.1300137,0,5.0
1599430650.1514235,0,8.0
1599430650.1726305,0,8.0
1599430650.193923,0,11.0
1599430650.215207,0,11.0
1599430650.2362998,0,15.0
1599430650.2575698,0,16.0
1599430650.2786548,0,20.0
1599430650.2999587,0,23.0
1599430650.321049,0,26.0
1599430650.3423116,0,31.0
1599430650.3636584,0,34.0
1599430650.384953,0,39.0
1599430650.4061828,0,42.0
1599430650.427323,0,47.0
1599430650.4486563,0,50.0
1599430650.4697824,0,55.0
1599430650.491025,0,56.0
1599430650.512128,0,59.0
1599430650.5334787,0,63.0
1599430650.554684,0,64.0
1599430650.5759227,0,68.0
1599430650.597291,0,69.0
1599430650.618416,0,72.0
1599430650.639661,0,72.0
1599430650.660788,0,75.0
1599430650.681936,0,75.0
1599430650.703158,0,76.0
1599430650.724469,0,77.0
1599430650.7457616,0,76.0
1599430650.767075,0,76.0
1599430650.7881606,0,74.0
1599430650.8093662,0,74.0
1599430650.8307583,0,70.0
1599430650.8520176,0,70.0
1599430650.8732624,0,66.0
1599430650.8944144,0,65.0
1599430650.915616,0,63.0
1599430650.936752,0,60.0
1599430650.9580197,0,57.0
1599430650.9791431,0,54.0
1599430651.0004694,0,50.0
1599430651.0216987,0,46.0
1599430651.0429664,0,44.0
1599430651.0640984,0,38.0
1599430651.0853546,0,35.0
1599430651.1066082,0,30.0
1599430651.1277456,0,28.0
1599430651.1490126,0,25.0
1599430651.1701732,0,22.0
1599430651.1913774,0,19.0
1599430651.2126946,0,16.0
1599430651.2339885,0,14.0
1599430651.2551296,0,11.0
1599430651.2763724,0,11.0
1599430651.2975168,0,8.0
1599430651.3187053,0,8.0
1599430651.339834,0,5.0
1599430651.3611274,0,6.0
1599430651.3822432,0,5.0
1599430651.4037194,0,4.0
1599430651.424816,0,4.0
1599430651.446048,0,3.0
1599430651.4674184,0,3.0
1599430651.4885082,0,2.0
1599430651.5097651,0,3.0
1599430651.5309134,0,1.0
1599430651.5522754,0,3.0
1599430651.573405,0,1.0
1599430651.594615,0,1.0
1599430651.615845,0,2.0
1599430651.6371455,0,1.0
1599430651.6582315,0,2.0
1599430651.6794956,0,1.0
1599430651.7007885,0,2.0
1599430651.7220724,0,0.0
1599430651.7431798,0,2.0
1599430651.7645395,0,-1.0
1599430651.7857678,0,1.0
1599430651.806865,0,0.0
1599430651.8281155,0,0.0
1599430651.849322,0,1.0
1599430651.8705478,0,0.0
1599430651.891792,0,1.0
1599430651.9130926,0,0.0
1599430651.9342809,0,1.0
1599430651.9555519,0,-1.0
1599430651.976807,0,1.0
1599430651.9979231,0,-1.0
1599430652.0192313,0,1.0
1599430652.040288,0,0.0
1599430652.0615237,0,0.0
1599430652.0828657,0,0.0
1599430652.1040337,0,0.0
1599430652.125237,0,1.0
1599430652.146498,0,0.0
1599430652.1678588,0,1.0
1599430652.1890576,0,-1.0
1599430652.2101874,0,1.0
1599430652.2315617,0,-1.0
1599430652.2527747,0,1.0
1599430652.273871,0,0.0
1599430652.2951424,0,0.0
1599430652.3163066,0,1.0
1599430652.337606,0,0.0
1599430652.358672,0,1.0
1599430652.3800933,0,0.0
1599430652.4014285,0,1.0
1599430652.4224725,0,-1.0
1599430652.4438002,0,1.0
1599430652.465109,0,-1.0
1599430652.486211,0,1.0
1599430652.5072932,0,1.0
1599430652.5285923,0,0.0
1599430652.5498993,0,1.0
1599430652.5709693,0,0.0
1599430652.5922582,0,1.0
1599430652.613378,0,0.0
1599430652.6346807,0,2.0
1599430652.6559472,0,1.0
1599430652.6772435,0,3.0
1599430652.6985302,0,3.0
1599430652.719658,0,6.0
1599430652.7409873,0,9.0
1599430652.7623286,0,15.0
1599430652.7849524,0,23.0
1599430652.8048348,0,34.0
1599430652.8257668,0,44.0
1599430652.847174,0,59.0
1599430652.868383,0,79.0
1599430652.8896885,0,85.0
1599430652.910974,0,94.0
1599430652.932031,0,93.0
1599430652.9533231,0,92.0
1599430652.9745023,0,88.0
1599430652.9957623,0,96.0
1599430653.0171912,0,115.0
1599430653.0383651,0,207.0
1599430653.059459,0,271.0
1599430653.0808394,0,280.0
1599430653.102008,0,261.0
1599430653.123302,0,227.0
1599430653.1444683,0,212.0
1599430653.165758,0,192.0
1599430653.186852,0,182.0
1599430653.208089,0,174.0
1599430653.2295902,0,169.0
1599430653.2506516,0,166.0
1599430653.2718382,0,167.0
1599430653.2931907,0,188.0
1599430653.314263,0,211.0
1599430653.3356762,0,226.0
1599430653.3568044,0,220.0
1599430653.3779464,0,178.0
1599430653.3992271,0,145.0
1599430653.4202697,0,124.0
1599430653.44183,0,102.0
1599430653.462723,0,80.0
1599430653.4840593,0,69.0
1599430653.5052006,0,56.0
1599430653.5265708,0,49.0
1599430653.5477335,0,42.0
1599430653.5687807,0,37.0
1599430653.5900586,0,30.0
1599430653.6113691,0,27.0
1599430715.6994622,1,2.0
1599430715.7207859,1,0.0
1599430715.742069,1,1.0
1599430715.7632985,1,1.0
1599430715.7844243,1,0.0
1599430715.8057802,1,2.0
1599430715.8269615,1,-1.0
1599430715.8480918,1,1.0
1599430715.8693917,1,-1.0
1599430715.8907304,1,2.0
1599430715.9117434,1,-1.0
1599430715.9330385,1,1.0
1599430715.9541602,1,0.0
1599430715.9754276,1,0.0
1599430715.9968765,1,2.0
1599430716.017962,1,0.0
1599430716.0392563,1,2.0
1599430716.0605686,1,-1.0
1599430716.0816333,1,1.0
1599430716.102999,1,-1.0
1599430716.1240985,1,2.0
1599430716.1453724,1,0.0
1599430716.1664762,1,1.0
1599430716.1878083,1,0.0
1599430716.2090492,1,0.0
1599430716.2303731,1,2.0
1599430716.2514646,1,0.0
1599430716.2727537,1,2.0
1599430716.2940395,1,-1.0
1599430716.3150978,1,1.0
1599430716.3364623,1,-1.0
1599430716.357608,1,2.0
1599430716.378842,1,0.0
1599430716.3999481,1,1.0
1599430716.4212472,1,0.0
1599430716.4425037,1,0.0
1599430716.4636729,1,2.0
1599430716.4851944,1,-1.0
1599430716.5063322,1,1.0
1599430716.5275514,1,-1.0
1599430716.5486162,1,2.0
1599430716.569937,1,-1.0
1599430716.5910232,1,0.0
1599430716.6123261,1,0.0
1599430716.6336098,1,0.0
1599430716.654697,1,0.0
1599430716.6759944,1,0.0
1599430716.6972597,1,2.0
1599430716.7185993,1,-1.0
1599430716.7397015,1,2.0
1599430716.7610056,1,-1.0
1599430716.7822282,1,1.0
1599430716.8033752,1,0.0
1599430716.8246675,1,1.0
1599430716.8457458,1,0.0
1599430716.8670673,1,1.0
1599430716.888296,1,1.0
1599430716.9096534,1,-1.0
1599430716.9307103,1,1.0
1599430716.951975,1,-1.0
1599430716.9731781,1,1.0
1599430716.9945056,1,-1.0
1599430717.0157373,1,2.0
1599430717.0369275,1,-1.0
1599430717.0580084,1,1.0
1599430717.0793245,1,0.0
1599430717.1005843,1,1.0
1599430717.1217804,1,1.0
1599430717.1430051,1,0.0
1599430717.164092,1,1.0
1599430717.1855714,1,-1.0
1599430717.2067266,1,2.0
1599430717.2280025,1,-1.0
1599430717.249277,1,2.0
1599430717.2703996,1,-1.0
1599430717.291604,1,0.0
1599430717.3127844,1,0.0
1599430717.3340406,1,1.0
1599430717.3553634,1,1.0
1599430717.3764257,1,0.0
1599430717.3977447,1,1.0
1599430717.4190047,1,0.0
1599430717.440111,1,1.0
1599430717.4615667,1,0.0
1599430717.4826725,1,1.0
1599430717.5039842,1,1.0
1599430717.5250285,1,1.0
1599430717.546299,1,1.0
1599430717.5676305,1,0.0
1599430717.5887866,1,1.0
1599430717.6099932,1,0.0
1599430717.631122,1,1.0
1599430717.6523986,1,0.0
1599430717.6737664,1,1.0
1599430717.6949472,1,0.0
1599430717.7162545,1,1.0
1599430717.7374022,1,1.0
1599430717.7586238,1,0.0
1599430717.7797735,1,1.0
1599430717.8010519,1,0.0
1599430717.8223495,1,1.0
1599430717.8434224,1,0.0
1599430717.8647294,1,2.0
1599430717.8860478,1,1.0
1599430717.9070947,1,2.0
1599430717.9285634,1,2.0
1599430717.9496756,1,4.0
1599430717.9710226,1,4.0
1599430717.9920573,1,4.0
1599430718.0133245,1,5.0
1599430718.0344272,1,4.0
1599430718.0558186,1,7.0
1599430718.0768337,1,6.0
1599430718.0983355,1,10.0
1599430718.119649,1,12.0
1599430718.14089,1,18.0
1599430718.1619678,1,26.0
1599430718.1832976,1,35.0
1599430718.204437,1,43.0
1599430718.2257204,1,54.0
1599430718.2469938,1,65.0
1599430718.268267,1,69.0
1599430718.2893715,1,77.0
1599430718.3106503,1,86.0
1599430718.3319018,1,99.0
1599430718.3532605,1,112.0
1599430718.3743496,1,116.0
1599430718.3956857,1,110.0
1599430718.4170125,1,111.0
1599430718.438234,1,122.0
1599430718.459365,1,134.0
1599430718.4806774,1,145.0
1599430718.5018146,1,150.0
1599430718.5230198,1,156.0
1599430718.5441968,1,157.0
1599430718.5656316,1,183.0
1599430718.5867782,1,171.0
1599430718.6080155,1,165.0
1599430718.629111,1,162.0
1599430718.650473,1,160.0
1599430718.6715739,1,154.0
1599430718.6929924,1,146.0
1599430718.7141407,1,139.0
1599430718.7354493,1,134.0
1599430718.756476,1,133.0
1599430718.7777762,1,129.0
1599430718.7991426,1,126.0
1599430718.8203387,1,115.0
1599430718.8414607,1,105.0
1599430718.8625407,1,98.0
1599430718.8836503,1,88.0
1599430718.9049828,1,74.0
1599430718.9262533,1,64.0
1599430718.9476323,1,53.0
1599430718.9686422,1,43.0
1599430718.9899917,1,39.0
1599430719.0112004,1,29.0
1599430719.032472,1,25.0
1599430719.0536475,1,22.0
1599430719.0746975,1,17.0
1599430719.0959573,1,16.0
1599430719.11725,1,13.0
1599430719.1386366,1,12.0
1599430719.1597242,1,10.0
1599430719.180977,1,11.0
1599430719.2020469,1,8.0
1599430719.2233446,1,9.0
1599430719.244423,1,6.0
1599430719.265706,1,6.0
1599430719.2869499,1,5.0
1599430719.308064,1,4.0
1599430719.3293457,1,4.0
1599430719.3507092,1,2.0
1599430719.3719552,1,3.0
1599430719.393177,1,1.0
1599430719.4143276,1,2.0
1599430719.4356308,1,0.0
1599430719.4567611,1,1.0
1599430719.4780211,1,0.0
1599430719.4991949,1,1.0
1599430719.5204344,1,1.0
1599430719.5416856,1,0.0
1599430719.5629556,1,1.0
1599430719.5842826,1,0.0
1599430719.6053407,1,1.0
1599430719.6266093,1,-1.0
1599430719.6477437,1,1.0
1599430719.6691058,1,-1.0
1599430719.6903007,1,0.0
1599430719.7114885,1,-1.0
1599430719.7327547,1,0.0
1599430719.7540224,1,1.0
1599430719.7751005,1,0.0
1599430719.796393,1,1.0
1599430719.817732,1,0.0
1599430719.8389378,1,1.0
1599430719.8600445,1,0.0
1599430719.8813138,1,1.0
1599430719.9027054,1,-1.0
1599430719.923748,1,0.0
1599430719.9450872,1,0.0
1599430719.9661257,1,0.0
1599430719.9874592,1,1.0
1599430720.008668,1,0.0
1599430720.0299623,1,1.0
1599430720.0511615,1,0.0
1599430720.0724099,1,1.0
1599430720.0936358,1,-1.0
1599430720.1147382,1,1.0
1599430720.136084,1,-1.0
1599430720.1571536,1,1.0
1599430720.1784503,1,1.0
1599430720.1997528,1,0.0
1599430720.2208812,1,1.0
1599430720.242264,1,0.0
1599430720.263399,1,2.0
1599430720.2847693,1,0.0
1599430720.3059592,1,2.0
1599430720.3271031,1,1.0
1599430720.348332,1,2.0
1599430720.3695107,1,1.0
1599430720.3907611,1,3.0
1599430720.4119956,1,3.0
1599430720.4331298,1,3.0
1599430720.4545152,1,4.0
1599430720.4756963,1,4.0
1599430720.4969687,1,6.0
1599430720.5181916,1,6.0
1599430720.5393636,1,9.0
1599430720.5606165,1,10.0
1599430720.5819943,1,16.0
1599430720.6030896,1,16.0
1599430720.624275,1,21.0
1599430720.6455872,1,26.0
1599430720.666928,1,28.0
1599430720.6881647,1,32.0
1599430720.7093341,1,35.0
1599430720.7305067,1,40.0
1599430720.7518146,1,43.0
1599430720.7731073,1,48.0
1599430720.794403,1,50.0
1599430720.8167794,1,55.0
1599430720.8366914,1,58.0
1599430720.8578293,1,61.0
1599430720.8791525,1,65.0
1599430720.9002576,1,66.0
1599430720.9216208,1,71.0
1599430720.9428601,1,74.0
1599430720.9642594,1,77.0
1599430720.9852633,1,79.0
1599430721.0064962,1,82.0
1599430721.0277593,1,81.0
1599430721.0491517,1,82.0
1599430721.0702043,1,82.0
1599430721.091293,1,81.0
1599430721.112525,1,80.0
1599430721.1338975,1,78.0
1599430721.1551678,1,77.0
1599430721.1762717,1,74.0
1599430721.1976006,1,73.0
1599430721.218939,1,69.0
1599430721.2399626,1,67.0
1599430721.261226,1,61.0
1599430721.282345,1,58.0
1599430721.3036492,1,52.0
1599430721.3248951,1,48.0
1599430721.3461742,1,43.0
1599430721.367422,1,38.0
1599430721.3885653,1,34.0
1599430721.4098582,1,25.0
1599430721.4311647,1,22.0
1599430721.4522479,1,18.0
1599430721.4735494,1,16.0
1599430721.4946532,1,13.0
1599430721.5159678,1,11.0
1599430721.5370219,1,9.0
1599430721.558223,1,7.0
1599430721.5795774,1,7.0
1599430721.600664,1,5.0
1599430721.6219504,1,5.0
1599430721.6430717,1,3.0
1599430721.664359,1,4.0
1599430721.6856778,1,2.0
1599430721.706762,1,3.0
1599430721.7282565,1,2.0
1599430721.7493696,1,2.0
1599430721.7706313,1,2.0
1599430721.7917643,1,1.0
1599430721.8130429,1,2.0
1599430721.83422,1,0.0
1599430721.855385,1,2.0
1599430721.8767674,1,0.0
1599430721.8978267,1,1.0
1599430721.9193194,1,-1.0
1599430721.9403818,1,0.0
1599430721.9616609,1,1.0
1599430721.982786,1,0.0
1599430722.0041184,1,1.0
1599430722.0251665,1,0.0
1599430722.0464733,1,1.0
1599430722.0678325,1,-1.0
1599430722.0888367,1,1.0
1599430722.1101425,1,-1.0
1599430722.1313221,1,1.0
1599430722.1525548,1,0.0
1599430722.1738384,1,0.0
1599430722.194949,1,0.0
1599430722.222086,1,0.0
1599430722.2375567,1,1.0
1599430722.2587736,1,0.0
1599430722.2799115,1,1.0
1599430722.301301,1,-1.0
1599430722.3225243,1,1.0
1599430722.3437219,1,-1.0
1599430722.364889,1,0.0
1599430722.3862007,1,0.0
1599430722.4074,1,0.0
1599430722.4285798,1,1.0
1599430722.4498165,1,0.0
1599430722.471038,1,1.0
1599430722.4922075,1,0.0
1599430722.5135386,1,1.0
1599430722.5347025,1,-1.0
1599430722.5559115,1,1.0
1599430722.5771778,1,-1.0
1599430722.5983195,1,0.0
1599430722.6196291,1,1.0
1599430722.640733,1,0.0
1599430722.6621523,1,1.0
1599430722.6833308,1,0.0
1599430722.7045455,1,1.0
1599430722.7258248,1,0.0
1599430722.7469616,1,2.0
1599430722.7683287,1,1.0
1599430722.789387,1,3.0
1599430722.810619,1,2.0
1599430722.8317726,1,3.0
1599430722.8532283,1,4.0
1599430722.874373,1,5.0
1599430722.8956404,1,6.0
1599430722.9169767,1,7.0
1599430722.9380379,1,9.0
1599430722.959375,1,11.0
1599430722.9807131,1,15.0
1599430723.0019283,1,15.0
1599430723.0230522,1,20.0
1599430723.0443032,1,21.0
1599430723.0656877,1,23.0
1599430723.0866802,1,26.0
1599430723.1079566,1,29.0
1599430723.1291006,1,32.0
1599430723.1504686,1,35.0
1599430723.1716506,1,39.0
1599430723.1929455,1,40.0
1599430723.2143412,1,46.0
1599430723.2353258,1,46.0
1599430723.2565882,1,51.0
1599430723.277775,1,54.0
1599430723.2990432,1,56.0
1599430723.3201485,1,59.0
1599430723.3414557,1,60.0
1599430723.3627968,1,62.0
1599430723.3839967,1,63.0
1599430723.4052908,1,66.0
1599430723.426391,1,65.0
1599430723.447587,1,68.0
1599430723.468835,1,66.0
1599430723.4901607,1,68.0
1599430723.5114238,1,67.0
1599430723.5325274,1,66.0
1599430723.5537581,1,64.0
1599430723.5750854,1,62.0
1599430723.5962236,1,61.0
1599430723.6173728,1,57.0
1599430723.638599,1,56.0
1599430723.6598253,1,52.0
1599430723.6812239,1,51.0
1599430723.7024426,1,47.0
1599430723.723648,1,44.0
1599430723.7448754,1,41.0
1599430723.7659907,1,36.0
1599430723.7872443,1,34.0
1599430723.8085265,1,29.0
1599430723.8296707,1,27.0
1599430723.850962,1,23.0
1599430723.8722193,1,22.0
1599430723.8935745,1,17.0
1599430723.9146137,1,16.0
1599430723.935749,1,12.0
1599430723.9570494,1,11.0
1599430723.9781132,1,9.0
1599430723.9995534,1,7.0
1599430724.020683,1,7.0
1599430724.0417504,1,4.0
1599430724.0630944,1,5.0
1599430724.0841823,1,3.0
1599430724.1054432,1,3.0
1599430724.126751,1,1.0
1599430724.1481798,1,3.0
1599430724.1693122,1,2.0
1599430724.1904285,1,2.0
1599430724.2117622,1,2.0
1599430724.2328796,1,1.0
1599430724.2541704,1,2.0
1599430724.2754734,1,-1.0
1599430724.2965024,1,2.0
1599430724.3178182,1,0.0
1599430724.339069,1,1.0
1599430724.3603356,1,-1.0
1599430724.3815022,1,1.0
1599430724.4027257,1,1.0
1599430724.4240625,1,1.0
1599430724.4451618,1,1.0
1599430724.4664915,1,0.0
1599430724.4876418,1,1.0
1599430724.5089083,1,0.0
1599430724.529985,1,2.0
1599430724.5512822,1,-1.0
1599430724.5725095,1,1.0
1599430724.5938387,1,-1.0
1599430724.615166,1,1.0
1599430724.6361833,1,1.0
1599430724.657491,1,0.0
1599430724.6786127,1,1.0
1599430724.6999698,1,0.0
1599430724.7210534,1,1.0
1599430724.7423458,1,-1.0
1599430724.7636993,1,2.0
1599430724.784888,1,-1.0
1599430724.8059886,1,1.0
1599430724.8272538,1,-1.0
1599430724.8484282,1,1.0
1599430724.869816,1,1.0
1599430724.8909526,1,0.0
1599430724.9123092,1,1.0
1599430724.9334846,1,0.0
1599430724.954689,1,1.0
1599430724.9758906,1,-1.0
1599430724.9970715,1,1.0
1599430725.0183616,1,-1.0
1599430725.0394704,1,1.0
1599430725.0607371,1,1.0
1599430725.081868,1,1.0
1599430725.1033075,1,1.0
1599430725.1244237,1,1.0
1599430725.1457274,1,2.0
1599430725.166823,1,1.0
1599430725.1880774,1,3.0
1599430725.2092226,1,1.0
1599430725.2305808,1,3.0
1599430725.251808,1,3.0
1599430725.273104,1,5.0
1599430725.2944252,1,6.0
1599430725.3155875,1,8.0
1599430725.3369627,1,10.0
1599430725.3580291,1,11.0
1599430725.3791866,1,15.0
1599430725.400497,1,15.0
1599430725.4217684,1,19.0
1599430725.443098,1,19.0
1599430725.464211,1,22.0
1599430725.4854777,1,25.0
1599430725.5067623,1,30.0
1599430725.528076,1,34.0
1599430725.5490267,1,38.0
1599430725.5702724,1,42.0
1599430725.591559,1,45.0
1599430725.6128688,1,51.0
1599430725.6340804,1,52.0
1599430725.655273,1,57.0
1599430725.6765451,1,58.0
1599430725.6978562,1,62.0
1599430725.7189264,1,65.0
1599430725.740208,1,69.0
1599430725.7613657,1,72.0
1599430725.782635,1,73.0
1599430725.8039,1,76.0
1599430725.8252041,1,76.0
1599430725.8463287,1,78.0
1599430725.8675416,1,76.0
1599430725.888804,1,77.0
1599430725.9099743,1,74.0
1599430725.9310992,1,74.0
1599430725.952348,1,72.0
1599430725.9738455,1,69.0
1599430725.995031,1,67.0
1599430726.0161436,1,63.0
1599430726.0372987,1,60.0
1599430726.058653,1,56.0
1599430726.0799155,1,54.0
1599430726.100996,1,47.0
1599430726.1220474,1,46.0
1599430726.1433477,1,41.0
1599430726.1647024,1,40.0
1599430726.185899,1,37.0
1599430726.207209,1,34.0
1599430726.2283063,1,32.0
1599430726.249614,1,29.0
1599430726.2709038,1,26.0
1599430726.2921748,1,22.0
1599430726.313261,1,20.0
1599430726.3345425,1,14.0
1599430726.3558078,1,13.0
1599430726.3769586,1,9.0
1599430726.3980663,1,8.0
1599430726.4193082,1,7.0
1599430726.4404106,1,5.0
1599430726.4617288,1,5.0
1599430726.4829953,1,3.0
1599430726.5041058,1,4.0
1599430726.5254257,1,2.0
1599430726.5467684,1,4.0
1599430726.56795,1,1.0
1599430726.5890653,1,2.0
1599430726.6103373,1,0.0
1599430726.6315467,1,2.0
1599430726.6527395,1,1.0
1599430726.6739898,1,1.0
1599430726.6951714,1,1.0
1599430726.7166088,1,0.0
1599430726.7376993,1,2.0
1599430726.758983,1,0.0
1599430726.780176,1,2.0
1599430726.8013906,1,-1.0
1599430726.8226576,1,1.0
1599430726.843782,1,0.0
1599430726.8651426,1,0.0
1599430726.8863683,1,1.0
1599430726.9074361,1,0.0
1599430726.9287724,1,1.0
1599430726.949904,1,0.0
1599430726.971109,1,1.0
1599430726.9924562,1,-1.0
1599430727.013796,1,2.0
1599430727.035032,1,-1.0
1599430727.056058,1,1.0
1599430727.077442,1,0.0
1599430727.0984957,1,0.0
1599430727.1197512,1,1.0
1599430727.1409123,1,0.0
1599430727.1622488,1,1.0
1599430727.1834447,1,0.0
1599430727.2047575,1,2.0
1599430727.226065,1,-1.0
1599430727.2472017,1,2.0
1599430727.268496,1,-1.0
1599430727.289544,1,0.0
1599430727.310872,1,0.0
1599430727.3319929,1,0.0
1599430727.353238,1,1.0
1599430727.3745117,1,0.0
1599430727.3956668,1,1.0
1599430727.416958,1,0.0
1599430727.4380531,1,2.0
1599430727.4592824,1,0.0
1599430727.4806855,1,1.0
1599430727.5019054,1,1.0
1599430727.5231798,1,1.0
1599430727.544324,1,2.0
1599430727.5655816,1,2.0
1599430727.5866396,1,3.0
1599430727.607984,1,2.0
1599430727.6292794,1,4.0
1599430727.650403,1,3.0
1599430727.6718256,1,6.0
1599430727.69293,1,4.0
1599430727.7142553,1,6.0
1599430727.7353468,1,6.0
1599430727.7566094,1,8.0
1599430727.7777672,1,9.0
1599430727.799177,1,10.0
1599430727.8204494,1,13.0
1599430727.8415794,1,14.0
1599430727.8628967,1,19.0
1599430727.8839347,1,20.0
1599430727.905235,1,26.0
1599430727.9265866,1,28.0
1599430727.9479349,1,34.0
1599430727.969062,1,37.0
1599430727.990208,1,42.0
1599430728.0116007,1,47.0
1599430728.0326226,1,50.0
1599430728.0538857,1,54.0
1599430728.075195,1,56.0
1599430728.0963182,1,60.0
1599430728.1175554,1,61.0
1599430728.1388006,1,66.0
1599430728.160136,1,66.0
1599430728.1812146,1,69.0
1599430728.2025235,1,71.0
1599430728.223853,1,72.0
1599430728.244995,1,74.0
1599430728.26622,1,74.0
1599430728.2873173,1,75.0
1599430728.3086436,1,73.0
1599430728.329909,1,75.0
1599430728.3510954,1,72.0
1599430728.37224,1,72.0
1599430728.3935883,1,69.0
1599430728.414812,1,66.0
1599430728.4360826,1,63.0
1599430728.4572191,1,61.0
1599430728.4783862,1,58.0
1599430728.4996855,1,54.0
1599430728.5209358,1,53.0
1599430728.5422087,1,47.0
1599430728.563444,1,46.0
1599430728.5845463,1,40.0
1599430728.6058402,1,37.0
1599430728.6271505,1,33.0
1599430728.648221,1,29.0
1599430728.669333,1,25.0
1599430728.6906333,1,22.0
1599430728.7119925,1,19.0
1599430728.7332492,1,14.0
1599430728.7545063,1,14.0
1599430728.7754247,1,9.0
1599430728.7968838,1,10.0
1599430728.818005,1,6.0
1599430728.8390706,1,6.0
1599430728.8603842,1,5.0
1599430728.881638,1,5.0
1599430728.9029164,1,4.0
1599430728.9242687,1,3.0
1599430728.9454174,1,4.0
1599430728.966563,1,2.0
1599430728.987687,1,3.0
1599430729.0089767,1,1.0
1599430729.0303223,1,2.0
1599430729.0513122,1,0.0
1599430729.0727923,1,1.0
1599430729.0938957,1,1.0
1599430729.115151,1,1.0
1599430729.1363118,1,1.0
1599430729.157616,1,0.0
1599430729.1787486,1,1.0
1599430729.1999846,1,0.0
1599430729.2212813,1,2.0
1599430729.2424135,1,-1.0
1599430729.2638614,1,1.0
1599430729.284991,1,-1.0
1599430729.30625,1,1.0
1599430729.3274143,1,1.0
1599430729.3486605,1,0.0
1599430729.3699162,1,1.0
1599430729.3910594,1,0.0
1599430729.4123485,1,1.0
1599430729.4336214,1,-1.0
1599430729.4547029,1,1.0
1599430729.4761083,1,-1.0
1599430729.4971423,1,1.0
1599430729.5186012,1,-1.0
1599430729.5396821,1,1.0
1599430729.5610106,1,1.0
1599430729.582057,1,0.0
1599430729.6033392,1,1.0
1599430729.6246674,1,0.0
1599430729.6458092,1,1.0
1599430729.6670148,1,-1.0
1599430729.68826,1,2.0
1599430729.709462,1,-1.0
1599430729.7307053,1,1.0
1599430729.7518258,1,0.0
1599430729.7731018,1,0.0
1599430729.7945518,1,1.0
1599430729.8156192,1,0.0
1599430729.8368952,1,1.0
1599430729.8582745,1,0.0
1599430729.879332,1,1.0
1599430729.9005754,1,0.0
1599430729.9216485,1,1.0
1599430729.942974,1,0.0
1599430729.964221,1,1.0
1599430729.9853694,1,1.0
1599430730.0068493,1,1.0
1599430730.0279684,1,2.0
1599430730.0491812,1,2.0
1599430730.0702884,1,3.0
1599430730.0915825,1,3.0
1599430730.112874,1,6.0
1599430730.133933,1,6.0
1599430730.155241,1,9.0
1599430730.17654,1,13.0
1599430730.19781,1,16.0
1599430730.219093,1,20.0
1599430730.2403877,1,24.0
1599430730.26166,1,28.0
1599430730.28272,1,31.0
1599430730.3040137,1,37.0
1599430730.3252869,1,37.0
1599430730.346375,1,44.0
1599430730.367673,1,45.0
1599430730.3887537,1,50.0
1599430730.4101145,1,55.0
1599430730.4313164,1,58.0
1599430730.4526124,1,62.0
1599430730.4738045,1,66.0
1599430730.4950159,1,68.0
1599430730.5163052,1,71.0
1599430730.537601,1,76.0
1599430730.5587833,1,76.0
1599430730.5799499,1,81.0
1599430730.6012464,1,81.0
1599430730.6225312,1,85.0
1599430730.6436315,1,86.0
1599430730.6647494,1,87.0
1599430730.6860535,1,89.0
1599430730.7073174,1,89.0
1599430730.7285094,1,90.0
1599430730.749656,1,88.0
1599430730.7709723,1,88.0
1599430730.7922704,1,84.0
1599430730.8135216,1,83.0
1599430730.8348093,1,78.0
1599430730.8559465,1,76.0
1599430730.8772614,1,72.0
1599430730.8982935,1,66.0
1599430730.9196575,1,63.0
1599430730.9407709,1,56.0
1599430730.9620545,1,54.0
1599430730.983252,1,49.0
1599430731.0045662,1,46.0
1599430731.0258067,1,41.0
1599430731.0469089,1,39.0
1599430731.0681872,1,34.0
1599430731.0894725,1,32.0
1599430731.1107423,1,27.0
1599430731.1316674,1,22.0
1599430731.152935,1,20.0
1599430731.1742737,1,16.0
1599430731.195477,1,14.0
1599430731.2167711,1,11.0
1599430731.2378867,1,10.0
1599430731.259036,1,7.0
1599430731.2802284,1,7.0
1599430731.301528,1,5.0
1599430731.3226435,1,5.0
1599430731.3439634,1,4.0
1599430731.365214,1,2.0
1599430731.3864527,1,3.0
1599430731.4077764,1,1.0
1599430731.4288754,1,2.0
1599430731.450138,1,0.0
1599430731.471433,1,2.0
1599430731.4925573,1,0.0
1599430731.5138052,1,2.0
1599430731.5349386,1,1.0
1599430731.556216,1,0.0
1599430731.577416,1,1.0
1599430731.5987804,1,0.0
1599430731.6198897,1,1.0
1599430731.641161,1,0.0
1599430731.6624327,1,1.0
1599430731.6836545,1,-1.0
1599430731.7048707,1,1.0
1599430731.726194,1,-1.0
1599430731.7472126,1,1.0
1599430731.7685134,1,0.0
1599430731.789828,1,0.0
1599430731.8111014,1,0.0
1599430731.832202,1,0.0
1599430731.8534868,1,1.0
1599430731.8748293,1,-1.0
1599430731.8959422,1,1.0
1599430731.9171546,1,-1.0
1599430731.938278,1,1.0
1599430731.9596858,1,0.0
1599430731.9808314,1,1.0
1599430732.0019088,1,0.0
1599430732.0232735,1,0.0
1599430732.044391,1,0.0
1599430732.0657787,1,0.0
1599430732.0869088,1,1.0
1599430732.1082566,1,-1.0
1599430732.1294575,1,1.0
1599430732.150746,1,-1.0
1599430732.1718805,1,1.0
1599430732.1930206,1,0.0
1599430732.2142553,1,0.0
1599430732.2357135,1,0.0
1599430732.2568233,1,0.0
1599430732.2780852,1,1.0
1599430732.2991772,1,0.0
1599430732.3204231,1,1.0
1599430732.3418236,1,0.0
1599430732.3628328,1,2.0
1599430732.3840857,1,0.0
1599430732.4052334,1,2.0
1599430732.4267044,1,2.0
1599430732.4477804,1,3.0
1599430732.4691002,1,2.0
1599430732.4904962,1,2.0
1599430732.5114686,1,4.0
1599430732.5327685,1,3.0
1599430732.5540323,1,6.0
1599430732.575192,1,6.0
1599430732.5963986,1,9.0
1599430732.6176786,1,11.0
1599430732.639044,1,14.0
1599430732.660286,1,16.0
1599430732.6813955,1,19.0
1599430732.702699,1,23.0
1599430732.7240145,1,26.0
1599430732.745068,1,31.0
1599430732.7664,1,34.0
1599430732.787488,1,40.0
1599430732.8088095,1,44.0
1599430732.8300567,1,49.0
1599430732.8513417,1,52.0
1599430732.8726602,1,58.0
1599430732.8938138,1,59.0
1599430732.9151225,1,62.0
1599430732.9362164,1,67.0
1599430732.9574976,1,69.0
1599430732.9785554,1,73.0
1599430732.999868,1,75.0
1599430733.0212014,1,78.0
1599430733.042406,1,78.0
1599430733.0636733,1,82.0
1599430733.084776,1,82.0
1599430733.1059577,1,83.0
1599430733.1271322,1,82.0
1599430733.1484406,1,80.0
1599430733.1698,1,79.0
1599430733.1908498,1,77.0
1599430733.2120833,1,75.0
1599430733.2334008,1,71.0
1599430733.254698,1,71.0
1599430733.2759774,1,67.0
1599430733.2971115,1,64.0
1599430733.3181996,1,59.0
1599430733.3395452,1,56.0
1599430733.3607416,1,51.0
1599430733.381836,1,46.0
1599430733.403132,1,42.0
1599430733.424459,1,36.0
1599430733.4457288,1,34.0
1599430733.4668043,1,28.0
1599430733.4881458,1,26.0
1599430733.5093706,1,22.0
1599430733.530654,1,19.0
1599430733.5520272,1,16.0
1599430733.573049,1,14.0
1599430733.5941336,1,12.0
1599430733.6154244,1,10.0
1599430733.6367495,1,10.0
1599430733.657774,1,7.0
1599430733.6790912,1,7.0
1599430733.7003407,1,6.0
1599430733.7214558,1,6.0
1599430733.74272,1,4.0
1599430733.7638977,1,4.0
1599430733.7851558,1,3.0
1599430733.8062923,1,3.0
1599430733.8275976,1,3.0
1599430733.8488014,1,2.0
1599430733.8698776,1,2.0
1599430733.891232,1,1.0
1599430733.9126632,1,2.0
1599430733.9337406,1,1.0
1599430733.9550917,1,2.0
1599430733.9761739,1,1.0
1599430733.9974158,1,1.0
1599430734.018729,1,0.0
1599430734.0399108,1,0.0
1599430734.0610974,1,1.0
1599430734.0822058,1,0.0
1599430734.1034527,1,1.0
1599430734.1248536,1,-1.0
1599430734.146063,1,1.0
1599430734.1673403,1,0.0
1599430734.188575,1,1.0
1599430734.2097077,1,0.0
1599430734.2308247,1,0.0
1599430734.252126,1,0.0
1599430734.2734652,1,0.0
1599430734.2945356,1,1.0
1599430734.3158326,1,-1.0
1599430734.3370883,1,1.0
1599430734.3583944,1,-1.0
1599430734.3794434,1,1.0
1599430734.400933,1,0.0
1599430734.4220686,1,1.0
1599430734.4432743,1,0.0
1599430734.4643886,1,0.0
1599430734.4856381,1,0.0
1599430734.5069668,1,0.0
1599430734.5280533,1,1.0
1599430734.5494218,1,-1.0
1599430734.5704548,1,1.0
1599430734.5918217,1,-1.0
1599430734.613003,1,1.0
1599430734.6342895,1,0.0
1599430734.655508,1,1.0
1599430734.6767185,1,0.0
1599430734.6979682,1,0.0
1599430734.7191327,1,1.0
1599430734.740438,1,0.0
1599430734.7614937,1,1.0
1599430734.7827845,1,0.0
1599430734.804117,1,2.0
1599430734.8253345,1,0.0
1599430734.846642,1,2.0
1599430734.8677065,1,2.0
1599430734.8890936,1,3.0
1599430734.910307,1,3.0
1599430734.931424,1,3.0
1599430734.952788,1,4.0
1599430734.9738183,1,4.0
1599430734.9950917,1,6.0
1599430735.016138,1,5.0
1599430735.0377028,1,8.0
1599430735.0589523,1,9.0
1599430735.080224,1,13.0
1599430735.1015286,1,14.0
1599430735.122654,1,18.0
1599430735.1439393,1,20.0
1599430735.1651719,1,22.0
1599430735.1862717,1,27.0
1599430735.2074707,1,31.0
1599430735.228631,1,35.0
1599430735.249941,1,38.0
1599430735.2711885,1,44.0
1599430735.292487,1,46.0
1599430735.3135848,1,50.0
1599430735.334896,1,53.0
1599430735.3561378,1,56.0
1599430735.3773994,1,58.0
1599430735.3985193,1,60.0
1599430735.4198742,1,64.0
1599430735.4410844,1,66.0
1599430735.462379,1,70.0
1599430735.4834967,1,72.0
1599430735.5046237,1,76.0
1599430735.52586,1,76.0
1599430735.5471556,1,78.0
1599430735.5685213,1,79.0
1599430735.5896983,1,79.0
1599430735.6107578,1,79.0
1599430735.632082,1,77.0
1599430735.6534154,1,77.0
1599430735.674616,1,74.0
1599430735.695911,1,74.0
1599430735.7170997,1,70.0
1599430735.7383597,1,68.0
1599430735.7594466,1,64.0
1599430735.7806997,1,63.0
1599430735.801885,1,58.0
1599430735.823083,1,54.0
1599430735.8443696,1,51.0
1599430735.8656175,1,44.0
1599430735.8869584,1,41.0
1599430735.9080245,1,35.0
1599430735.929276,1,31.0
1599430735.9505723,1,26.0
1599430735.971728,1,24.0
1599430735.9927442,1,20.0
1599430736.0140448,1,19.0
1599430736.0354133,1,15.0
1599430736.0566843,1,14.0
1599430736.077922,1,11.0
1599430736.0988693,1,8.0
1599430736.1201882,1,8.0
1599430736.1413944,1,6.0
1599430736.1627157,1,6.0
1599430736.1837995,1,5.0
1599430736.205152,1,5.0
1599430736.2262118,1,3.0
1599430736.247485,1,3.0
1599430736.2688153,1,3.0
1599430736.2899868,1,1.0
1599430736.3112056,1,2.0
1599430736.3324466,1,0.0
1599430736.3537738,1,2.0
1599430736.3750837,1,0.0
1599430736.3960717,1,1.0
1599430736.4174492,1,0.0
1599430736.4385417,1,1.0
1599430736.459786,1,0.0
1599430736.481049,1,0.0
1599430736.5021932,1,1.0
1599430736.5234957,1,0.0
1599430736.544754,1,1.0
1599430736.5658967,1,-1.0
1599430736.5873094,1,1.0
1599430736.6083422,1,0.0
1599430736.6296363,1,1.0
1599430736.6509998,1,0.0
1599430736.6721208,1,1.0
1599430736.6933188,1,0.0
1599430736.7144005,1,0.0
1599430736.7357266,1,1.0
1599430736.7570372,1,0.0
1599430736.7781298,1,1.0
1599430736.799606,1,-1.0
1599430736.8207698,1,1.0
1599430736.8418746,1,0.0
1599430736.863173,1,1.0
1599430736.8843002,1,0.0
1599430736.9056215,1,0.0
1599430736.9269323,1,0.0
1599430736.9480417,1,0.0
1599430736.9692843,1,1.0
1599430736.9905326,1,0.0
1599430737.0117915,1,1.0
1599430737.033173,1,-1.0
1599430737.0542295,1,1.0
1599430737.0755074,1,-1.0
1599430737.0967638,1,1.0
1599430737.117901,1,0.0
1599430737.1391277,1,0.0
1599430737.1602275,1,0.0
1599430737.1814804,1,0.0
1599430737.202841,1,1.0
1599430737.2239203,1,-1.0
1599430737.2451813,1,1.0
1599430737.2666328,1,-1.0
1599430737.2877674,1,1.0
